id,house,course,sex,blood_status,result,Transfiguration_exam,Potions_exam,Herbology_exam,Defence against the dark arts_exam,History of magic_exam,Divinations_exam,Astronomy_exam,Arythmancy_exam,Care of magical creatures_exam,Muggle studies_exam,Study of ancient runs_exam,Flying_exam,Charms_exam,wand,week 1,week 2,week 3,week 4,week 5,week 6,week 7,week 8,week 9,week 10,week 11,week 12,week 13,week 14,week 15,week 16,week 17,week 18,week 19,week 20,week 21,week 22,week 23,week 24,week 25,week 26,week 27,week 28,week 29,week 30,week 31,week 32,week 33,week 34,week 35,week 36,week 37,week 38,week 39,week 40
11,Gryffindor,4,male,Half-blood,-250,25,5,22,27,54,100,17,45,58,100,10,22,20,Phoenix feather,-20,10,10,-20,-5,10,-10,-10,-20,-10,-5,-5,-20,5,5,5,-5,10,10,-10,5,-5,-20,-10,-10,-20,-5,0,0,-20,-20,-5,-5,0,0,-5,-10,-20,-5,-20
13,Gryffindor,5,male,Pure-blood,-310,49,33,63,42,36,86,15,88,79,75,25,80,31,Dragon heartstring,10,-10,0,-10,0,0,-10,-10,5,0,-5,-20,0,-20,-10,-20,-20,-5,5,5,-20,-10,-20,5,-10,-20,5,-20,-10,-10,10,-20,-20,-10,-10,-10,0,-10,-5,-10
25,Gryffindor,7,female,Pure-blood,-330,54,33,46,58,68,48,59,64,77,95,38,75,65,Phoenix feather,-20,-10,-5,-10,-5,-5,-10,5,-20,0,-10,0,-5,10,-20,-5,-20,-5,-20,-5,0,-20,-5,10,-5,-10,-5,-20,-20,-20,-20,-20,-20,10,10,20,-10,-5,-20,-20
29,Gryffindor,3,male,Half-blood,-345,70,34,10,78,70,55,82,68,44,33,60,52,65,Unicorn hair,-20,10,0,0,0,-20,-5,-20,-10,-20,-20,-20,-20,-5,-5,-10,0,-5,5,-5,-20,0,-20,10,-5,-10,-5,10,0,-10,-20,-20,20,-10,-10,-5,-20,-20,-20,-20
61,Gryffindor,4,male,Half-blood,-325,77,40,84,40,67,100,64,51,93,55,55,100,91,Phoenix feather,10,-5,-20,-20,-20,5,-10,0,0,-10,0,-20,10,5,-20,-10,-20,-20,-5,-10,-10,0,-10,-5,0,-20,-10,-20,-20,0,-20,0,0,-5,-20,-5,0,-5,-5,-10
84,Gryffindor,2,female,Half-blood,-195,43,72,54,49,39,79,81,100,91,82,65,100,45,Dragon heartstring,-10,5,-5,-5,-10,0,-10,-20,-5,5,-10,-10,-5,-10,0,-20,-10,-5,10,-5,0,5,5,-10,5,10,-20,-10,5,0,-10,-10,-10,-20,-10,-10,20,-5,-20,10
86,Gryffindor,7,female,Half-blood,-335,33,26,52,93,100,69,56,93,80,90,24,68,25,Unicorn hair,-20,-10,-20,-20,5,-10,0,-5,0,5,-10,-10,-20,-20,-20,-10,-5,-20,-10,-5,-5,0,0,-20,0,0,-20,0,-5,-20,-5,-20,-10,0,0,-10,-10,-10,5,0
119,Gryffindor,5,male,Muggle-borned,-310,44,14,59,71,36,63,64,41,61,57,79,55,44,Unicorn hair,0,-10,-5,-5,-20,-20,10,-20,-10,-20,-20,0,-20,5,0,-5,-20,-20,-5,-10,-20,-5,-5,10,-20,5,0,-20,10,-20,-20,-20,5,5,-20,0,0,5,5,-10
130,Gryffindor,6,female,Half-blood,-285,77,83,69,100,100,69,100,90,100,100,62,78,98,Dragon heartstring,5,-20,-20,0,0,-20,5,-5,10,-10,-10,5,10,-10,-5,-20,-10,10,-10,-20,-10,-20,5,-20,5,-20,-10,-10,-20,10,10,0,-10,-10,-20,0,-10,-10,-20,-10
155,Gryffindor,4,male,Pure-blood,-275,41,19,52,68,49,78,72,45,74,31,96,55,58,Unicorn hair,0,-10,-5,-5,-10,-5,5,10,-10,5,-5,-5,-10,-10,-10,-10,-20,5,0,-20,-5,10,-20,-10,0,-20,-10,-5,-10,-20,-10,-5,-5,-20,-5,-20,5,-10,5,-10
229,Gryffindor,5,female,Muggle-borned,-235,24,23,52,38,100,68,54,23,88,96,57,91,42,Dragon heartstring,-5,-20,0,-10,5,-20,-20,-5,-5,-10,5,-10,-10,-5,5,-10,10,-20,-10,-10,0,10,-10,-10,-10,-10,0,-10,0,-5,-20,-10,-5,0,-10,10,0,10,-10,-10
237,Gryffindor,5,male,Muggle-borned,-370,33,50,64,100,80,70,67,81,90,40,49,51,35,Dragon heartstring,-20,-10,5,-10,-5,-20,0,-20,-20,0,0,-20,-20,-20,-5,-5,10,-5,-10,-5,-10,-5,-20,-10,-20,-5,-20,-20,-10,10,10,-20,-5,-20,0,5,0,-10,-20,-20
238,Gryffindor,7,male,Pure-blood,-300,53,41,37,63,53,30,59,72,69,44,84,74,58,Unicorn hair,0,-10,-5,-5,0,-20,-20,0,-20,-20,0,0,-20,-20,0,5,0,-5,10,-10,-20,-5,-5,0,-20,0,-5,5,-20,-5,-20,0,-5,-10,-5,-10,-5,-20,-5,-5
3,Gryffindor,5,male,Muggle-borned,-125,38,51,84,100,26,62,63,50,73,62,67,84,25,Dragon heartstring,-20,-5,10,-10,10,5,-5,-20,-10,5,-10,5,0,10,-5,-5,0,-5,10,0,-20,-20,0,10,-20,-5,-20,-20,0,5,-10,10,5,5,5,5,-10,0,0,-5
19,Gryffindor,1,male,Muggle-borned,-180,33,29,74,57,100,60,71,49,82,82,51,33,20,Phoenix feather,5,5,-10,0,-5,-5,-10,0,-5,-20,5,-10,-5,0,-5,-20,0,-20,-5,-5,0,0,5,5,0,-5,-5,0,5,-10,5,-10,-20,-5,-10,-10,-20,10,-5,0
26,Gryffindor,3,male,Half-blood,-165,20,6,41,31,40,44,34,46,25,55,39,62,34,Phoenix feather,5,5,-5,0,0,5,-10,0,0,-10,-10,-20,-20,5,0,5,0,-5,-5,-5,-5,10,-20,-20,20,-5,-20,-20,0,-5,-5,-10,0,0,5,5,-5,-20,-10,5
34,Gryffindor,3,male,Half-blood,-125,55,16,37,33,38,85,48,15,85,20,37,66,8,Dragon heartstring,0,-5,-20,5,5,0,5,0,-5,10,-20,-5,10,10,-10,0,0,-5,-10,-10,0,-10,-10,-10,0,5,-10,0,-20,0,-10,5,-5,0,0,0,-10,-5,-10,10
44,Gryffindor,4,male,Muggle-borned,-110,36,2,51,36,56,35,51,50,33,65,39,36,49,Unicorn hair,10,5,5,-20,-5,-10,-5,-10,10,-5,-20,5,-10,-10,-10,10,5,-10,-10,-5,5,10,5,-5,-5,-10,5,-5,5,0,5,-10,5,-5,0,-10,0,-10,0,-10
101,Gryffindor,3,female,Half-blood,-90,82,28,65,69,95,100,100,85,99,58,74,100,79,Dragon heartstring,0,0,-20,0,5,-20,-5,0,0,0,-10,-5,5,5,5,0,-10,0,5,-5,-20,-5,10,-5,-5,0,0,0,-10,0,0,-5,-10,5,-5,5,5,-10,10,0
105,Gryffindor,2,male,Half-blood,-110,53,24,22,54,37,100,14,31,85,45,51,33,36,Unicorn hair,0,0,5,10,10,-20,-20,-5,5,-10,-5,0,-5,-10,5,0,-5,10,5,0,-5,-20,-5,-10,-20,0,0,10,-5,0,-20,5,5,0,-5,5,0,0,-5,-10
107,Gryffindor,5,female,Half-blood,-85,42,14,80,88,73,51,45,58,100,37,48,58,39,Unicorn hair,5,-10,0,0,5,-5,-5,10,-10,-5,-20,-10,5,0,0,-10,10,0,-5,-20,5,-10,0,-10,-5,5,5,10,5,0,-10,-5,5,5,5,0,-5,-5,-20,5
109,Gryffindor,1,female,Muggle-borned,-125,75,48,93,100,49,49,100,82,61,100,49,100,68,Phoenix feather,0,-5,5,0,-5,20,5,5,0,5,5,-5,0,-10,5,-20,-5,5,-20,-10,-20,-10,-5,0,5,-20,-10,0,5,-5,-10,-20,5,-20,10,-10,10,-10,10,-5
136,Gryffindor,4,male,Pure-blood,-150,8,100,100,60,51,1,30,27,22,100,38,100,100,Unicorn hair,-20,-20,0,-10,-10,-10,0,10,-10,-10,-10,-5,5,5,-10,10,-10,5,-5,-5,5,0,-5,20,0,-10,-10,-10,-5,-20,5,0,0,-5,0,0,-5,-5,5,-10
146,Gryffindor,1,male,Half-blood,-160,59,48,41,66,18,39,86,100,67,63,59,27,86,Dragon heartstring,-20,-10,-5,5,-10,5,-5,-10,5,5,0,5,-5,5,-20,-20,-20,-10,-20,0,10,-20,-5,-5,10,-20,0,0,0,0,0,0,-5,-5,5,5,-5,0,0,0
149,Gryffindor,5,male,Half-blood,-80,52,46,10,100,72,85,39,100,54,82,14,98,36,Phoenix feather,0,5,0,0,-10,-5,0,10,-5,-10,-20,5,5,-5,10,0,-5,0,-5,-5,-10,-5,-10,-10,0,5,0,-10,-5,10,0,-5,10,-5,5,-20,0,0,5,0
150,Gryffindor,3,male,Muggle-borned,-130,15,100,100,9,57,46,43,2,100,6,48,55,6,Dragon heartstring,0,-10,-10,-5,10,10,0,-20,-5,0,0,-5,-10,-5,-10,5,-20,-10,-5,-10,10,-5,-5,-5,-5,5,-5,0,5,10,0,-5,-5,-5,-5,-10,-10,10,0,-5
162,Gryffindor,7,male,Muggle-borned,-165,78,36,58,72,100,46,62,97,32,100,51,99,80,Unicorn hair,-10,0,0,-5,5,-10,5,-10,-5,0,5,0,-5,0,-5,0,-20,-5,10,-5,-20,-10,-10,5,0,-20,5,10,5,0,-5,-10,0,0,-5,-10,-20,-20,-10,5
168,Gryffindor,3,male,Pure-blood,-55,13,100,15,1,18,39,60,35,100,44,56,22,30,Unicorn hair,5,-5,10,0,0,-5,-5,0,0,0,0,-20,10,0,-10,-10,5,-10,0,-5,0,0,-5,-5,0,-5,5,-10,-10,10,-10,0,-5,-5,5,5,0,5,5,5
181,Gryffindor,2,male,Half-blood,-90,37,14,76,51,19,34,62,54,51,97,34,72,51,Unicorn hair,-10,5,-10,0,0,-5,0,-20,-10,-5,0,0,0,-10,-10,-10,10,5,-5,5,0,5,0,-10,-10,0,20,0,5,10,-10,5,5,-5,0,-10,-10,5,0,-20
233,Gryffindor,6,female,Muggle-borned,-50,86,68,48,90,62,100,100,98,94,62,48,58,92,Dragon heartstring,5,-5,5,0,-5,0,10,-5,0,0,-5,-10,5,0,-10,0,5,-20,0,5,10,0,0,-10,-10,0,10,-20,5,0,-10,-10,0,-10,5,10,10,-5,-10,10
254,Gryffindor,2,female,Pure-blood,-135,52,33,64,51,78,93,43,56,45,63,31,67,34,Dragon heartstring,0,5,-5,5,-5,-20,10,-5,5,-10,0,-5,0,0,-5,5,0,0,-10,10,5,-10,0,5,-20,-20,-5,-5,0,-5,-5,0,-10,-5,0,-20,5,-10,0,-10
258,Gryffindor,1,female,Half-blood,-75,55,7,63,77,65,84,60,43,33,24,28,100,64,Phoenix feather,-5,0,-10,5,0,10,5,5,-10,5,0,-5,-5,0,-10,0,-10,5,10,5,-20,0,0,0,-10,-10,-20,-5,0,5,5,0,10,5,10,-20,10,0,-20,-10
41,Gryffindor,7,female,Half-blood,-30,100,100,100,49,100,44,21,17,20,100,34,14,100,Phoenix feather,-10,5,0,0,5,-5,0,10,-5,-20,0,0,10,-5,-5,10,0,-5,-20,5,10,0,0,-10,0,-5,-10,5,5,0,-5,-10,10,5,0,-20,5,0,10,10
80,Gryffindor,5,female,Muggle-borned,-60,15,12,35,21,85,58,39,8,69,5,22,29,100,Phoenix feather,5,0,-5,0,-5,-5,-5,20,-5,-5,-5,0,-10,-5,0,-5,-10,-10,10,0,-5,10,0,0,10,5,-5,-20,-5,10,0,-10,5,-5,0,5,-20,-5,5,5
95,Gryffindor,7,female,Pure-blood,30,84,26,44,81,81,69,63,18,28,51,53,84,94,Phoenix feather,-10,-10,10,5,0,10,10,-10,20,5,5,5,0,0,0,-5,0,0,5,-5,5,0,5,0,-10,10,-10,0,0,5,-5,5,0,-10,10,-20,0,5,0,5
97,Gryffindor,1,female,Half-blood,-5,74,39,71,100,100,76,80,100,64,46,100,61,58,Phoenix feather,-5,5,0,10,0,0,-5,-10,5,5,10,10,-20,5,-10,20,-10,-10,-5,0,0,-5,5,-5,20,10,-5,0,0,-10,0,-10,0,-5,5,0,0,-20,10,10
126,Gryffindor,3,male,Pure-blood,50,100,100,2,37,36,100,10,33,100,23,60,100,100,Unicorn hair,-20,-10,0,5,0,0,0,0,5,0,0,5,0,5,0,-10,0,0,0,0,0,0,20,0,5,20,-5,-10,-20,0,0,0,20,10,5,5,10,0,5,5
211,Gryffindor,5,male,Pure-blood,-5,45,22,37,78,37,57,85,19,75,63,13,89,48,Dragon heartstring,-20,10,-5,-20,0,5,0,20,0,0,5,10,0,0,-5,10,5,0,0,5,0,0,0,10,-10,10,-5,0,5,5,-5,-10,-5,0,-5,-5,0,0,-10,0
217,Gryffindor,5,male,Half-blood,-55,58,48,44,94,67,43,64,99,87,78,45,48,71,Phoenix feather,-5,-5,-5,5,-10,0,-20,0,0,5,-10,0,10,5,0,0,5,20,-10,0,-5,-5,-10,10,5,5,-20,0,0,-5,-5,5,0,5,-10,-10,0,0,0,0
240,Gryffindor,6,female,Muggle-borned,10,46,18,51,15,81,54,43,19,35,27,91,65,78,Unicorn hair,-5,-5,10,0,5,-5,0,20,20,0,0,0,5,0,0,0,5,5,10,0,-20,10,0,0,0,5,0,0,10,0,-5,-10,-5,0,0,0,-20,-20,0,0
241,Gryffindor,2,female,Pure-blood,-40,46,5,41,38,77,61,47,51,85,76,13,59,73,Phoenix feather,-20,10,-10,0,5,0,5,0,5,-10,20,5,0,0,-5,5,5,-5,5,10,5,-20,5,-5,0,0,-10,-20,5,0,0,0,-10,0,5,0,-5,-5,0,-10
244,Gryffindor,5,female,Half-blood,20,73,36,54,76,100,74,100,39,80,70,31,67,58,Unicorn hair,10,5,0,0,0,10,0,0,-5,-5,0,-5,0,0,0,0,0,10,-5,0,-20,5,-5,0,10,10,0,-5,10,0,-5,0,10,5,0,0,0,-10,0,0
269,Gryffindor,5,male,Half-blood,-5,43,13,58,75,80,69,49,53,0,100,22,55,38,Unicorn hair,5,-5,5,10,0,-5,-20,5,0,20,0,0,-5,-5,0,0,0,-5,-5,5,0,-20,10,0,10,-5,5,5,0,5,0,0,-5,0,0,5,0,0,5,-20
32,Gryffindor,6,male,Muggle-borned,100,35,28,60,50,83,91,59,59,78,100,66,71,20,Phoenix feather,0,10,-10,-5,10,-10,5,-10,5,-10,20,0,-5,-10,0,-10,20,10,10,-5,10,5,0,10,5,5,-10,10,0,5,0,20,-5,20,-5,0,0,10,0,5
59,Gryffindor,5,male,Muggle-borned,85,23,2,100,0,31,8,7,29,100,27,42,34,36,Dragon heartstring,-10,-5,5,5,0,5,-10,5,-10,5,-10,10,10,-5,5,10,-10,-5,10,5,5,20,10,0,0,-10,5,-5,10,5,0,0,20,10,-5,5,0,-5,0,10
91,Gryffindor,7,male,Half-blood,35,62,17,83,10,80,95,61,37,63,83,85,74,16,Unicorn hair,10,0,10,0,-5,-20,0,5,0,5,10,5,10,5,0,10,-20,-20,0,5,10,-20,-10,20,5,5,0,10,5,-20,0,5,5,20,5,0,-5,-5,-5,0
124,Gryffindor,5,female,Half-blood,30,42,41,64,84,72,41,31,46,42,58,73,13,100,Dragon heartstring,5,5,0,-10,0,0,5,0,0,10,5,0,10,5,10,0,5,-10,5,-5,10,0,-10,-20,-10,10,0,-10,10,0,0,5,-10,10,5,5,5,-5,-10,5
141,Gryffindor,7,male,Half-blood,-10,32,100,62,74,55,53,60,84,53,16,83,40,24,Phoenix feather,-20,0,0,-20,10,10,5,5,10,0,-10,5,-20,-20,5,0,5,-5,-10,10,0,-20,10,0,-5,0,0,10,5,10,-5,-5,0,10,5,10,5,-5,-5,10
177,Gryffindor,7,female,Half-blood,80,35,65,50,100,100,59,75,99,46,89,47,96,42,Dragon heartstring,0,5,0,-5,-5,20,-10,0,10,-10,10,20,5,5,10,0,5,-10,5,-10,5,-10,10,5,10,0,10,5,5,-10,5,10,5,5,5,-5,-10,-10,0,0
197,Gryffindor,3,male,Half-blood,-10,25,100,11,17,100,43,60,100,9,15,33,100,4,Unicorn hair,0,-20,0,0,20,-5,-10,10,0,5,0,0,10,-5,-10,5,-5,5,5,5,-10,-10,0,5,-10,5,5,20,-5,-20,-10,0,5,-10,0,10,5,0,10,-10
207,Gryffindor,1,female,Half-blood,-30,26,100,32,29,16,100,6,20,15,26,27,100,11,Unicorn hair,5,-5,-5,-10,-10,-5,-5,5,5,20,-10,-5,-5,10,0,5,-10,-5,-10,0,-10,-10,5,10,-10,-5,-5,-10,5,-20,0,10,0,20,-10,-5,5,20,10,5
265,Gryffindor,6,female,Muggle-borned,85,31,11,31,79,72,44,51,37,16,24,26,28,30,Phoenix feather,0,-5,10,5,-10,10,10,5,10,-5,10,0,5,-5,10,0,5,-5,-10,0,10,-10,5,0,5,10,0,5,0,5,5,5,-10,10,-10,5,0,5,5,0
278,Gryffindor,2,male,Muggle-borned,85,29,100,38,53,65,5,47,85,34,30,78,37,26,Dragon heartstring,-10,-20,0,0,20,5,10,5,5,-5,0,5,5,10,5,5,-5,5,5,0,10,-5,0,-5,-10,-10,20,10,10,-20,-10,10,10,-10,10,5,5,10,5,5
56,Gryffindor,6,male,Half-blood,385,36,4,61,71,29,49,64,29,67,36,32,31,44,Dragon heartstring,20,5,20,20,-10,20,10,20,5,20,10,5,0,10,20,20,0,5,-10,0,20,20,5,-5,0,20,20,10,0,0,0,10,20,20,20,20,-10,-5,20,10
65,Gryffindor,2,female,Pure-blood,250,42,20,19,33,55,71,100,46,100,39,19,70,59,Dragon heartstring,20,20,20,5,20,20,20,0,5,0,20,20,0,5,5,10,20,10,5,10,0,10,-10,0,0,-10,10,0,0,0,-10,10,10,10,-10,0,0,-5,0,10
67,Gryffindor,5,male,Muggle-borned,240,76,40,56,100,78,92,90,99,100,86,71,86,95,Phoenix feather,-5,10,10,10,20,20,0,5,20,-10,-5,20,0,20,5,5,5,0,10,0,0,10,-5,10,-20,10,5,-5,5,0,20,0,20,20,0,20,10,-5,10,-5
73,Gryffindor,6,male,Half-blood,220,52,38,74,70,100,18,34,52,24,63,86,90,37,Unicorn hair,5,-5,-10,5,0,5,20,0,-10,10,0,-10,20,10,-5,-5,5,5,0,20,20,20,-5,10,-10,5,10,-20,5,20,-10,20,20,5,0,0,10,20,20,20
98,Gryffindor,3,male,Half-blood,120,63,19,53,38,80,83,34,58,46,76,100,77,76,Phoenix feather,-10,0,0,-10,-5,-5,20,10,0,-5,10,10,0,20,-10,20,0,0,-5,0,-10,-10,0,0,20,0,-10,20,10,10,0,5,5,5,0,-5,20,20,-5,5
143,Gryffindor,5,male,Half-blood,205,18,100,5,8,100,14,42,17,45,47,7,11,1,Unicorn hair,5,10,5,5,0,20,5,10,-5,0,5,10,5,20,-10,5,5,10,10,10,-10,20,10,0,20,5,0,0,20,10,-5,-5,0,0,0,5,10,5,5,-10
157,Gryffindor,4,male,Half-blood,265,18,100,100,66,68,36,83,68,6,21,75,44,37,Unicorn hair,-5,10,10,-10,-5,0,5,5,20,0,20,20,0,5,20,10,20,20,0,-20,20,5,0,0,20,20,10,20,5,20,-10,-5,5,5,0,5,-10,5,5,20
165,Gryffindor,1,male,Pure-blood,245,24,22,25,47,11,30,23,55,34,37,30,74,21,Dragon heartstring,-10,-10,20,0,10,20,-20,10,5,20,10,0,20,0,0,-5,10,10,10,20,20,-10,0,20,5,-5,0,20,20,-5,10,10,0,0,5,10,5,0,10,10
190,Gryffindor,3,male,Half-blood,210,61,39,73,87,100,75,48,65,61,70,67,50,43,Dragon heartstring,20,0,10,-5,10,-10,20,-10,5,5,10,5,10,10,20,-10,10,20,-10,20,-10,0,0,0,-5,0,10,-10,20,20,20,10,10,10,10,0,-10,10,-5,0
196,Gryffindor,6,male,Half-blood,265,37,17,45,26,47,56,83,92,89,48,88,100,39,Unicorn hair,5,-10,10,10,0,10,5,20,5,20,0,5,20,20,5,5,20,10,0,-5,0,5,0,10,20,0,5,10,20,-5,20,5,10,0,5,-5,5,0,5,0
205,Gryffindor,2,male,Half-blood,270,99,37,45,43,97,100,96,43,63,100,63,95,97,Phoenix feather,0,20,0,5,0,5,20,10,0,5,20,10,5,-5,20,20,20,5,-5,-10,20,5,20,10,0,10,0,10,0,5,0,20,0,0,20,0,-5,0,20,-10
210,Gryffindor,4,male,Muggle-borned,290,42,56,71,100,61,62,72,88,68,48,80,93,33,Dragon heartstring,20,5,-10,20,10,5,10,-10,5,0,0,0,10,20,20,0,5,20,20,0,20,20,20,-5,10,10,-5,0,20,20,-20,0,0,5,20,0,5,20,10,-10
231,Gryffindor,6,male,Half-blood,265,100,100,6,100,24,32,24,100,30,29,100,100,100,Unicorn hair,10,0,10,0,10,-5,10,20,10,20,-5,10,5,10,-5,0,0,5,10,10,0,20,-5,20,-10,-10,0,20,10,-5,20,-5,20,20,0,0,20,0,20,5
255,Gryffindor,3,male,Half-blood,345,41,100,44,39,58,34,36,37,56,64,10,32,48,Phoenix feather,0,20,0,0,10,10,20,0,0,0,20,0,10,5,20,20,20,5,20,0,5,20,-5,10,5,20,5,-5,0,20,20,5,0,20,5,10,0,10,10,10
256,Gryffindor,1,male,Half-blood,250,31,6,36,51,25,54,72,44,70,35,50,63,8,Unicorn hair,20,0,-10,20,10,-5,10,20,20,0,0,10,10,5,10,20,0,-10,0,-5,5,-10,5,0,0,20,20,-10,-5,-10,20,5,10,20,20,0,20,5,0,10
2,Hufflepuff,6,male,Muggle-borned,-35,34,33,25,51,23,70,17,8,48,26,26,38,19,Phoenix feather,-5,5,0,-5,-10,0,10,-10,0,10,5,0,0,-5,-5,10,0,10,-5,-20,5,-10,-10,5,-5,-5,0,10,5,0,-5,0,-5,-5,0,-10,5,0,0,5
4,Hufflepuff,7,female,Half-blood,-15,49,38,83,87,48,47,54,85,99,42,75,87,44,Dragon heartstring,-5,0,-5,5,0,-5,10,-10,0,5,0,-5,0,0,0,5,-5,5,-5,0,-5,-5,-10,10,0,5,-5,5,0,0,-5,0,5,0,-10,0,0,0,10,0
5,Hufflepuff,2,male,Muggle-borned,10,53,59,84,37,24,100,58,83,98,95,100,73,61,Phoenix feather,0,10,0,-10,5,10,0,0,5,0,5,-10,0,-5,5,5,0,10,0,0,0,0,0,-10,0,0,-5,5,0,-5,5,5,-10,0,-5,-5,5,0,-5,5
14,Hufflepuff,3,female,Half-blood,15,27,100,33,50,25,85,59,49,66,39,65,85,15,Dragon heartstring,-5,-10,0,0,5,-5,10,-5,0,-5,0,10,-5,10,-10,0,5,5,-5,0,-5,0,5,5,0,-10,0,0,0,0,-10,0,0,0,5,5,10,10,5,0
15,Hufflepuff,7,male,Half-blood,-50,22,100,0,13,36,30,8,60,46,38,100,8,36,Dragon heartstring,0,-10,0,0,0,-10,-5,10,0,0,-10,-5,0,-5,0,0,-5,0,5,10,0,0,0,-5,-10,-5,0,0,-5,0,-5,-10,0,0,0,0,5,5,5,0
16,Hufflepuff,4,female,Muggle-borned,15,3,100,23,30,3,100,42,16,20,0,60,33,100,Phoenix feather,-5,5,5,0,0,0,-5,10,0,0,0,0,0,0,-5,5,-10,5,0,0,20,0,-5,5,0,5,0,5,-10,-10,5,5,0,0,-5,-10,0,0,10,-5
21,Hufflepuff,3,female,Half-blood,10,73,41,57,75,70,44,59,77,51,57,82,44,81,Phoenix feather,-5,0,0,-5,-10,10,5,-5,-5,-5,-5,20,0,-10,0,-10,5,0,0,-5,10,0,0,5,0,0,-10,5,0,5,-5,-5,5,-5,0,5,5,10,10,0
27,Hufflepuff,6,male,Half-blood,-15,40,56,74,79,97,58,58,100,71,31,90,100,31,Dragon heartstring,5,-5,0,10,10,-5,0,5,0,0,-10,-5,0,-5,5,5,-5,0,5,5,-10,0,5,0,-5,0,-10,5,-5,0,-10,0,5,-10,0,0,5,0,0,0
38,Hufflepuff,6,male,Half-blood,20,55,45,66,44,77,87,76,18,40,11,22,34,55,Unicorn hair,5,10,0,-5,-5,0,0,0,10,0,10,0,0,-5,5,0,5,5,5,5,-5,-20,-5,0,5,10,0,-5,0,5,5,5,-5,0,-10,0,0,-5,0,0
40,Hufflepuff,6,female,Half-blood,-20,59,21,60,66,93,55,49,100,60,62,93,81,74,Dragon heartstring,-5,5,-5,0,5,-10,5,-10,10,-5,5,5,-10,-5,5,5,0,-10,0,0,0,5,-5,-5,5,5,0,5,5,0,-5,-10,-5,0,0,0,0,0,0,0
45,Hufflepuff,3,male,Half-blood,-40,100,100,7,25,24,32,5,0,100,48,14,21,100,Dragon heartstring,-10,-5,0,-10,0,0,-5,-10,0,-5,0,-10,10,-10,5,0,0,-5,0,10,0,5,10,-5,0,0,5,-5,-5,10,5,-5,0,-5,0,-10,-5,0,0,10
49,Hufflepuff,2,male,Half-blood,45,46,25,41,96,47,73,11,66,89,100,46,98,54,Dragon heartstring,10,5,0,0,5,10,0,0,-5,-5,10,0,-10,-5,10,0,10,0,-5,5,-10,0,5,0,-5,0,5,-5,5,5,-10,0,0,10,-5,5,5,0,0,5
50,Hufflepuff,2,male,Half-blood,25,64,37,44,39,83,38,6,84,44,14,45,90,65,Dragon heartstring,-10,0,0,0,5,10,0,0,0,10,0,5,5,5,0,-10,0,5,-10,-5,0,0,5,0,-10,10,-10,10,0,10,0,0,-10,-10,0,5,0,5,10,0
51,Hufflepuff,3,female,Half-blood,5,69,37,54,95,67,67,49,62,46,0,34,69,61,Dragon heartstring,-5,5,0,-5,-5,-5,0,0,0,5,10,0,10,0,10,5,5,0,0,0,-5,0,-10,5,0,0,-10,-5,0,-5,0,0,0,-5,5,-10,5,10,5,-5
57,Hufflepuff,1,male,Muggle-borned,60,51,53,78,77,59,69,81,85,55,70,100,38,49,Phoenix feather,0,-5,-5,5,10,5,0,-5,-10,-5,10,0,5,-5,0,10,0,0,-5,10,0,10,0,0,0,5,0,0,10,0,-5,-10,5,5,-10,10,10,5,10,0
58,Hufflepuff,7,female,Pure-blood,-25,52,41,54,58,100,45,22,85,73,85,56,100,60,Unicorn hair,0,-5,0,0,0,5,0,10,-10,0,5,0,-10,-10,0,-10,-5,0,0,-10,5,-5,5,-5,0,0,0,5,0,5,-10,5,10,-5,0,0,0,0,0,5
64,Hufflepuff,4,female,Half-blood,-90,45,35,46,32,46,60,29,45,56,63,76,69,47,Phoenix feather,-10,0,0,-5,-5,-20,0,5,-5,0,0,10,-5,-10,-5,0,5,0,5,-5,-5,-10,-5,-5,0,5,-10,5,0,10,0,-10,-5,0,-10,-10,-5,-5,10,5
72,Hufflepuff,2,female,Muggle-borned,20,100,0,65,51,51,46,47,62,57,57,45,1,100,Unicorn hair,5,-5,-5,0,0,-10,0,5,-10,0,0,10,5,-5,0,5,10,5,0,5,5,-5,-5,-5,0,-5,-10,10,0,-10,5,10,-5,0,0,5,10,-10,5,10
75,Hufflepuff,6,female,Half-blood,10,41,9,44,39,35,53,38,74,28,31,42,50,45,Phoenix feather,-10,10,5,-10,0,0,5,-10,-5,-10,5,-5,-10,10,-5,0,5,0,0,0,0,0,5,5,-5,5,5,10,-5,-5,5,-5,0,10,0,0,0,5,-5,10
76,Hufflepuff,2,female,Half-blood,20,44,26,41,57,32,22,11,100,51,41,42,85,61,Dragon heartstring,5,-5,0,0,10,0,20,5,0,0,-5,-10,-10,-10,10,-5,0,0,5,5,5,0,0,-5,-5,5,0,0,10,-5,5,5,0,5,-5,-5,-10,0,0,5
77,Hufflepuff,5,female,Muggle-borned,-20,24,100,39,64,55,13,24,85,40,2,49,62,39,Unicorn hair,0,5,-10,-10,5,0,5,-10,-10,20,5,0,5,-10,5,10,-5,0,0,-5,5,5,-5,0,-10,0,0,5,-5,5,-10,0,0,-10,-5,0,-10,5,0,10
82,Hufflepuff,2,female,Half-blood,45,62,22,64,61,100,73,100,100,100,60,98,41,78,Phoenix feather,-5,0,5,0,-10,-5,-5,5,10,0,5,0,-5,0,0,5,5,10,-5,5,0,5,10,5,5,5,0,-5,-10,0,0,0,10,0,-5,0,5,0,-5,10
88,Hufflepuff,7,female,Muggle-borned,35,42,36,24,68,0,60,29,68,26,85,52,59,37,Phoenix feather,-20,-10,10,0,0,-5,0,5,0,5,10,0,0,5,10,-5,10,-5,5,0,0,10,0,20,-5,-10,5,5,0,5,0,5,-5,-10,5,-10,0,-5,0,10
96,Hufflepuff,6,male,Half-blood,0,24,100,25,9,69,46,100,40,53,74,54,67,39,Dragon heartstring,5,-10,5,0,10,0,5,0,0,10,0,5,0,5,-10,0,5,5,0,10,-10,10,0,0,5,0,-5,0,-10,0,0,5,0,-5,0,0,-20,-10,-10,5
102,Hufflepuff,5,female,Pure-blood,40,69,48,58,87,55,87,28,100,84,100,72,100,73,Unicorn hair,0,5,5,-5,5,5,-10,-5,10,-10,5,-5,-5,0,5,0,0,0,10,5,-5,10,0,5,5,10,-5,-10,10,-5,5,5,-5,0,20,0,-5,-5,-5,0
103,Hufflepuff,4,female,Pure-blood,-15,39,33,64,69,76,90,0,32,55,43,64,28,43,Dragon heartstring,5,0,0,0,0,-5,5,-5,10,0,0,0,0,-10,0,10,-5,0,10,-10,-5,-5,10,5,0,-5,5,-5,-5,5,-5,-5,-5,-10,5,0,-10,0,5,5
104,Hufflepuff,5,female,Pure-blood,0,54,23,22,0,46,57,23,72,100,13,26,80,56,Unicorn hair,0,-10,0,0,-5,-10,0,5,0,0,-5,0,5,-10,0,0,0,10,-5,-5,5,5,5,0,0,-5,5,5,0,-5,0,5,0,5,10,-5,-10,10,5,-5
110,Hufflepuff,7,male,Half-blood,25,69,26,41,100,83,8,44,95,71,49,31,62,70,Unicorn hair,5,0,0,-5,10,0,-5,0,0,0,0,0,5,-10,5,5,-5,-5,0,0,5,0,0,5,0,0,-5,0,0,10,-10,0,10,5,0,0,0,10,5,-10
111,Hufflepuff,3,female,Half-blood,-20,48,53,47,31,46,82,78,41,65,61,32,61,37,Unicorn hair,-5,-5,-5,5,5,5,10,0,-5,0,-5,5,5,5,0,5,-10,0,-10,-10,-5,0,-10,-10,0,5,0,5,-5,10,10,-5,5,10,-5,-5,0,0,0,-10
112,Hufflepuff,7,female,Half-blood,-35,73,20,51,87,78,29,69,81,54,93,100,65,53,Unicorn hair,-10,-5,0,0,0,-10,-5,5,0,0,0,5,-5,-5,-5,-5,0,5,0,5,-5,5,-10,5,0,-10,0,-20,0,10,5,0,0,-5,0,0,0,10,0,10
113,Hufflepuff,3,female,Pure-blood,-50,58,3,62,55,74,82,2,25,35,45,48,84,53,Dragon heartstring,5,0,5,0,-10,0,-5,-10,5,0,-5,0,5,-5,0,5,-10,-5,0,-10,-10,0,5,0,0,0,0,-5,5,5,5,5,5,-5,0,-10,0,-10,0,-5
114,Hufflepuff,2,female,Half-blood,-30,60,40,45,92,100,100,41,50,81,100,86,62,44,Phoenix feather,0,-5,5,-10,-10,0,-10,10,0,-10,-10,5,5,0,-5,5,0,10,0,0,-10,0,0,0,0,-5,-10,5,5,0,0,0,10,0,0,10,0,-10,-10,5
115,Hufflepuff,3,female,Muggle-borned,10,47,26,62,53,28,44,91,36,74,48,97,63,27,Unicorn hair,0,0,0,-10,-10,-10,5,0,0,0,5,-10,5,0,0,10,0,-5,0,5,0,0,0,-5,10,0,5,0,-5,5,0,0,5,0,5,5,5,-5,0,0
118,Hufflepuff,1,female,Muggle-borned,-65,39,48,28,50,80,29,60,33,81,75,96,23,39,Dragon heartstring,0,0,0,0,5,-10,0,-10,0,-10,-5,-5,5,5,0,-10,0,-5,-5,10,0,0,0,0,0,0,0,-10,5,-5,10,-10,-5,-5,0,-5,-10,-5,10,0
128,Hufflepuff,4,male,Half-blood,-25,34,48,56,70,69,34,54,26,92,76,74,53,50,Unicorn hair,-5,0,0,-10,0,5,0,0,0,0,0,-5,0,-10,0,-5,-10,0,5,0,-5,10,10,-10,-5,5,10,0,-10,5,-5,5,5,-5,0,5,-10,5,0,0
129,Hufflepuff,7,male,Muggle-borned,10,44,22,51,36,27,35,21,29,75,87,49,72,54,Phoenix feather,0,5,10,-5,-10,-5,-10,5,0,0,10,0,10,0,5,5,5,0,0,10,0,-20,-5,0,0,-5,0,0,0,0,5,5,-5,5,5,-10,5,0,5,-10
131,Hufflepuff,4,female,Pure-blood,-20,35,54,87,15,100,68,91,67,69,94,75,60,17,Dragon heartstring,0,10,5,-5,0,5,-5,0,-5,-10,-20,-10,-5,10,0,5,0,0,-10,-10,5,10,-5,-5,10,5,5,-5,0,0,5,0,20,0,-5,-5,-5,-5,0,0
135,Hufflepuff,1,female,Muggle-borned,-20,52,6,40,50,33,43,38,65,41,28,33,51,33,Dragon heartstring,-5,0,-5,0,0,0,0,-5,-5,0,5,-5,0,-10,-5,-5,0,10,0,10,5,5,0,-20,-5,5,-5,0,5,0,5,0,5,10,0,-5,0,0,0,-5
137,Hufflepuff,3,male,Pure-blood,10,53,8,32,85,74,48,46,25,46,7,56,59,64,Dragon heartstring,0,10,0,-5,-5,-5,0,0,10,-5,10,-10,-5,-5,10,0,0,10,0,5,0,-10,-5,0,0,0,0,0,0,5,-10,0,10,-5,-10,5,0,5,0,10
138,Hufflepuff,1,male,Pure-blood,-50,43,38,50,58,92,70,100,20,64,63,86,54,51,Dragon heartstring,-10,5,0,5,-10,0,0,5,5,0,5,-5,-5,0,0,0,-10,0,0,0,-5,0,5,-10,-10,5,-10,-5,0,-5,5,0,10,-5,-5,-5,0,0,5,-5
140,Hufflepuff,2,female,Pure-blood,-35,25,25,49,27,45,100,47,59,11,42,36,52,32,Dragon heartstring,-10,5,0,5,5,10,5,5,0,5,5,-5,-5,-5,0,0,-10,0,5,-5,-10,-5,-10,-10,10,-5,-10,0,0,0,0,0,-10,0,0,-5,5,5,0,0
148,Hufflepuff,4,female,Muggle-borned,-5,38,100,3,40,58,48,37,85,8,3,22,29,32,Dragon heartstring,10,0,0,5,0,-5,10,-5,5,5,-5,0,5,0,0,0,5,0,0,0,5,-5,-5,-10,0,-5,-10,0,0,-5,-5,5,0,0,0,10,5,-5,0,-10
152,Hufflepuff,4,female,Half-blood,60,6,100,100,26,100,60,28,26,46,59,6,14,100,Unicorn hair,-5,5,-5,10,5,5,5,5,5,-10,10,0,-5,-5,0,10,0,-5,-5,0,0,0,5,0,5,0,-5,5,0,-5,5,10,0,0,0,5,20,-5,-5,5
156,Hufflepuff,3,female,Pure-blood,-10,100,7,6,21,4,7,54,45,20,55,12,32,100,Unicorn hair,-5,0,-5,0,-10,0,-5,5,0,-10,0,-5,-20,-5,10,-5,0,10,5,5,5,5,0,-5,20,5,-5,5,-5,-5,0,0,5,0,0,0,0,0,0,0
160,Hufflepuff,3,female,Half-blood,50,72,56,57,72,57,19,61,100,70,100,100,60,90,Phoenix feather,10,0,10,5,-10,0,-5,10,0,10,10,-5,-5,0,-5,0,0,-10,-5,0,5,10,0,-5,0,0,0,0,-5,0,5,5,-5,0,5,5,20,0,0,0
166,Hufflepuff,2,female,Half-blood,5,48,60,47,100,94,60,63,100,100,100,85,77,45,Dragon heartstring,5,0,-5,5,5,-5,0,0,0,0,0,-5,0,0,10,0,0,0,5,-10,0,10,0,-5,10,0,0,-5,0,0,-5,-5,0,0,0,0,-5,0,5,0
176,Hufflepuff,1,female,Half-blood,20,53,37,42,76,41,31,100,22,44,46,75,41,45,Unicorn hair,-5,0,0,-5,5,5,0,-5,5,5,0,0,5,-5,5,5,5,5,-5,-10,5,-5,5,5,-5,5,5,0,-5,0,0,0,5,5,-5,0,-20,10,5,0
178,Hufflepuff,4,female,Muggle-borned,-45,31,2,35,70,76,58,77,44,77,50,16,45,37,Dragon heartstring,-5,5,10,0,-5,0,-5,5,5,0,-10,0,5,0,5,5,-5,0,5,-5,0,0,10,-10,-5,0,-10,-10,0,0,0,-10,0,-5,0,0,-5,0,0,-10
183,Hufflepuff,4,male,Pure-blood,15,42,44,37,100,63,49,78,76,35,71,65,51,34,Dragon heartstring,0,5,5,-5,0,0,0,0,0,5,0,0,-10,-5,0,-5,5,-5,0,0,-10,0,0,10,0,0,0,5,5,-5,0,0,5,10,10,0,5,-5,0,-5
184,Hufflepuff,3,male,Muggle-borned,25,52,32,32,61,71,44,37,82,75,36,63,75,70,Unicorn hair,5,0,0,0,0,0,-10,0,-5,-5,5,-5,-10,0,5,0,0,0,10,-10,10,0,0,5,5,0,0,0,5,0,-10,0,5,-5,20,5,0,0,10,-5
187,Hufflepuff,7,female,Half-blood,5,80,59,100,100,100,100,100,92,100,71,100,98,77,Dragon heartstring,5,-5,0,0,5,-5,0,-5,-5,-5,-5,0,0,0,0,0,-10,5,0,-5,5,0,0,5,5,0,0,0,0,5,0,10,0,0,-5,0,10,0,5,-5
188,Hufflepuff,2,female,Muggle-borned,-15,37,36,60,74,39,56,79,74,54,100,52,31,28,Phoenix feather,5,5,-5,0,-5,5,10,-5,0,0,-10,-10,0,5,-10,0,-5,10,0,5,-10,5,5,5,-10,0,0,5,0,0,0,0,10,0,-10,0,-10,-10,5,5
189,Hufflepuff,7,female,Half-blood,25,40,17,26,40,84,71,13,75,62,56,82,48,44,Dragon heartstring,0,0,0,0,-5,-10,-5,10,10,0,-5,-5,0,-5,0,0,5,0,0,10,5,5,10,-5,-10,10,0,10,5,0,0,0,5,-10,0,-10,-10,0,20,0
193,Hufflepuff,7,male,Half-blood,-20,70,24,51,100,48,4,43,37,65,62,48,66,78,Dragon heartstring,-5,0,-5,-10,5,0,0,-5,10,0,0,5,-10,0,-5,0,-10,0,0,5,0,-5,0,10,0,5,-10,-10,0,0,0,0,0,5,10,0,0,-5,0,5
194,Hufflepuff,6,female,Pure-blood,35,46,7,2,8,31,69,12,11,65,26,48,40,67,Dragon heartstring,10,10,0,0,10,10,0,10,5,5,-10,0,10,5,-10,-5,0,0,0,-5,5,0,0,-5,0,0,-5,-10,-5,10,-10,20,0,-5,-5,0,5,-10,5,0
195,Hufflepuff,2,female,Muggle-borned,-35,53,100,39,85,24,12,47,20,56,49,43,40,38,Unicorn hair,0,5,20,0,-5,0,5,-5,0,0,-10,0,5,5,5,10,-5,5,0,-5,0,5,-10,-10,-10,5,-5,0,0,-5,0,-10,-20,5,-10,10,0,-10,0,0
199,Hufflepuff,5,female,Pure-blood,25,34,22,41,79,43,61,83,19,58,47,93,47,21,Unicorn hair,-5,-5,0,-10,-10,0,10,0,5,5,10,20,10,10,5,0,5,-5,-10,0,-5,-10,0,-10,0,0,0,0,0,5,5,5,-5,5,0,5,-5,0,0,0
204,Hufflepuff,4,female,Muggle-borned,25,61,31,46,71,53,79,63,65,46,58,42,60,53,Phoenix feather,-10,-5,0,0,0,0,0,5,0,0,-10,-5,10,0,0,0,-5,0,0,0,5,0,-5,0,0,10,5,0,10,0,5,0,-10,5,10,0,20,0,-10,0
206,Hufflepuff,5,male,Muggle-borned,-10,68,56,60,40,71,49,51,59,100,0,80,25,49,Dragon heartstring,0,0,-5,-5,0,-10,0,-5,-10,10,0,5,-5,5,5,0,0,5,0,-10,-5,5,10,-5,0,0,0,5,10,5,0,-10,0,0,0,0,0,-5,0,0
213,Hufflepuff,3,male,Pure-blood,5,70,4,60,75,42,66,70,61,85,49,100,45,50,Dragon heartstring,0,10,0,-5,5,5,-5,10,0,-5,0,0,0,5,0,-5,0,0,0,5,0,5,5,-5,-5,-10,5,0,0,5,-5,0,-10,0,5,-10,-5,0,5,5
214,Hufflepuff,4,female,Pure-blood,-45,100,100,9,39,51,100,100,1,12,18,100,24,100,Phoenix feather,0,-5,-10,5,0,-10,0,0,0,-10,0,-5,10,0,-5,-5,0,-5,-5,0,-5,0,0,0,5,0,0,0,0,10,-5,10,-5,-5,0,0,-5,0,5,-5
216,Hufflepuff,3,female,Half-blood,-20,100,45,100,100,74,100,100,100,100,100,89,100,100,Dragon heartstring,-5,10,-5,0,0,0,0,0,5,10,0,10,5,0,-5,-5,0,-5,0,0,0,-10,0,-10,0,0,10,0,0,0,0,5,0,-10,0,-10,0,5,-10,-5
218,Hufflepuff,1,female,Pure-blood,35,8,100,100,1,39,56,100,34,40,27,60,10,100,Phoenix feather,0,-5,0,20,5,-10,0,0,10,0,10,10,-10,-5,5,-5,-5,0,-10,0,5,0,-5,0,0,0,0,-5,5,5,0,0,10,0,0,5,0,10,0,-5
220,Hufflepuff,1,female,Pure-blood,20,58,23,56,4,43,57,75,34,60,48,66,77,81,Unicorn hair,5,0,0,5,10,0,5,-10,0,0,5,-5,5,0,-5,10,5,-5,-5,5,10,5,-5,-5,5,-10,5,5,5,5,-10,-5,0,5,0,10,0,-20,-5,0
223,Hufflepuff,5,female,Muggle-borned,-50,25,39,65,51,60,18,42,46,57,29,46,42,54,Unicorn hair,-5,-10,0,-10,-10,0,5,5,-10,5,0,-10,5,-5,0,10,5,-5,5,0,0,0,0,-10,-5,-5,5,-10,10,0,-5,-10,0,5,0,0,-5,0,5,0
227,Hufflepuff,1,female,Muggle-borned,20,20,100,28,100,29,100,15,48,59,8,29,15,21,Dragon heartstring,0,-5,0,10,0,0,0,10,0,0,-5,0,5,0,0,0,5,0,0,5,0,-10,-5,0,5,-5,0,0,10,5,0,-5,0,0,10,0,-5,10,-10,-5
230,Hufflepuff,6,male,Half-blood,15,100,100,15,60,16,20,42,100,35,5,46,100,3,Dragon heartstring,0,0,-5,5,0,5,0,0,10,5,-5,-10,0,5,0,5,0,10,5,0,0,0,0,0,-5,-5,-5,5,-10,0,0,0,5,-10,0,5,10,0,5,-10
236,Hufflepuff,7,male,Muggle-borned,-10,36,100,100,43,10,48,30,11,9,60,33,27,43,Phoenix feather,0,-5,-10,-5,0,0,0,10,5,0,-10,-5,0,0,5,10,5,0,-5,5,0,-5,0,0,5,0,0,-5,-5,-10,5,10,0,-5,5,0,-5,0,0,0
243,Hufflepuff,6,female,Half-blood,35,71,24,69,51,100,80,68,65,80,64,69,57,67,Dragon heartstring,5,5,-5,5,-5,5,5,0,0,0,0,0,-5,-5,10,5,-5,5,0,10,-5,0,5,-5,-5,0,-10,-10,-10,-5,0,10,0,0,10,0,10,10,0,10
248,Hufflepuff,3,male,Muggle-borned,40,35,1,21,56,85,69,34,55,23,40,31,45,23,Dragon heartstring,5,-5,20,5,-10,0,-5,-10,0,5,0,-5,0,0,0,0,10,0,-5,0,5,5,0,10,5,10,-5,10,0,-5,10,-5,-5,5,-5,0,10,-10,0,0
251,Hufflepuff,6,female,Half-blood,-20,34,4,35,58,62,50,61,49,51,68,76,100,34,Unicorn hair,-10,-5,-5,5,5,0,5,-5,5,-5,0,5,0,-10,-5,0,0,-10,-5,0,0,0,0,0,5,-5,10,10,0,5,0,5,5,0,-10,0,-10,-5,5,0
262,Hufflepuff,5,female,Pure-blood,20,100,100,15,100,100,60,10,100,19,45,100,34,100,Unicorn hair,5,0,-5,-5,20,5,-5,-10,0,10,5,0,-5,0,5,-5,5,-5,5,5,0,-5,-5,0,-5,-5,0,10,0,10,0,5,10,5,-10,-5,0,-10,0,0
264,Hufflepuff,1,female,Half-blood,-85,37,28,9,84,26,54,71,45,50,85,53,32,59,Phoenix feather,0,-5,0,10,-20,-5,0,10,5,0,5,-10,0,0,-5,-5,0,-10,-5,-10,0,0,0,-10,0,0,-5,0,-10,0,10,-10,5,5,-5,0,-10,0,0,-10
267,Hufflepuff,7,female,Muggle-borned,40,73,44,47,65,71,31,77,81,29,44,67,100,68,Phoenix feather,5,-10,0,10,5,-5,0,0,5,-5,0,5,10,0,0,10,5,5,0,-10,0,5,0,0,0,-10,5,10,5,0,0,0,5,5,0,-5,-10,5,-10,5
271,Hufflepuff,1,female,Pure-blood,0,32,34,73,48,83,80,71,69,15,100,55,88,44,Phoenix feather,0,0,5,0,-5,10,0,0,-10,5,0,5,0,5,0,-10,5,0,0,5,-5,-5,5,10,0,0,0,0,0,-5,5,-5,0,-10,-5,5,10,0,-5,-10
276,Hufflepuff,6,female,Half-blood,0,64,18,85,75,98,28,86,100,65,85,100,63,66,Unicorn hair,-10,5,0,5,0,5,5,5,0,-10,0,5,0,5,5,0,0,0,10,-5,-5,10,0,5,-5,-5,5,-5,0,-5,-5,0,0,0,0,-10,-10,-5,5,5
280,Hufflepuff,7,female,Half-blood,-25,29,2,40,70,79,77,51,48,58,64,36,25,7,Unicorn hair,5,-5,0,-5,5,0,-5,-5,0,-5,0,0,-10,5,0,0,0,10,5,-10,5,-5,0,0,5,10,0,-10,0,5,0,-10,0,0,-5,0,0,-5,0,0
1,Ravenclaw,5,male,Half-blood,140,17,100,55,54,97,74,85,84,76,93,90,77,19,Dragon heartstring,-5,5,-5,10,-10,0,0,5,0,5,5,0,-5,-20,5,0,10,10,5,-5,5,5,-5,0,0,5,10,5,10,20,5,0,5,10,5,10,10,10,10,10
6,Ravenclaw,2,female,Muggle-borned,140,100,100,26,100,49,12,21,2,60,43,31,100,100,Phoenix feather,10,0,5,-5,-5,10,5,5,10,0,5,0,10,-10,-5,5,10,10,0,10,10,10,5,10,0,10,10,5,5,10,5,-5,0,5,-10,-10,5,-5,5,5
7,Ravenclaw,5,male,Half-blood,30,67,1,38,82,85,44,11,36,80,100,50,100,30,Unicorn hair,-5,10,-10,5,10,-10,-10,0,-10,5,0,5,10,10,5,-5,5,-10,-5,5,0,-5,10,5,0,0,10,-10,0,0,5,0,-10,5,-10,10,0,5,0,10
17,Ravenclaw,5,female,Half-blood,55,58,58,25,46,65,33,66,64,43,58,85,27,56,Dragon heartstring,5,-5,-20,10,10,0,0,5,10,5,10,0,0,5,-10,10,0,-5,-10,10,-10,-5,10,10,0,0,0,0,5,-5,10,-10,10,10,5,5,5,0,-20,5
22,Ravenclaw,1,female,Pure-blood,80,27,71,52,61,66,50,86,79,80,80,100,98,32,Phoenix feather,-10,10,-5,5,0,-5,-5,-5,0,10,10,5,0,-10,10,-5,0,-5,0,10,-5,5,0,0,5,-20,5,-5,0,0,5,10,5,10,5,10,20,10,10,0
30,Ravenclaw,1,male,Half-blood,110,20,100,17,60,10,100,16,12,31,5,100,60,32,Dragon heartstring,5,-10,5,10,10,10,10,10,5,5,0,-10,5,10,-10,0,0,5,0,5,10,-20,0,5,-10,5,-10,5,-5,10,5,10,5,10,10,10,5,-5,-5,10
35,Ravenclaw,4,male,Muggle-borned,145,39,25,42,72,58,24,95,77,31,100,49,62,40,Unicorn hair,0,5,5,5,0,0,-5,10,5,-10,0,10,10,10,10,5,0,5,5,5,10,10,-5,5,0,10,10,5,5,-5,10,-10,-5,5,10,10,0,5,-5,5
36,Ravenclaw,4,male,Half-blood,110,59,43,60,100,86,66,79,28,63,31,35,67,70,Unicorn hair,10,5,-5,5,0,0,0,0,-5,10,5,5,5,-5,-5,10,10,5,5,10,5,-10,5,10,10,10,-20,-5,5,0,10,5,10,10,0,0,0,-10,0,10
43,Ravenclaw,5,female,Half-blood,95,100,38,52,100,71,61,32,100,59,80,55,81,100,Phoenix feather,10,-5,10,5,-5,5,5,0,0,10,10,-10,10,-5,10,5,0,10,10,10,-5,-10,-10,0,10,-5,10,10,-5,5,5,0,-10,10,0,-10,0,5,10,0
47,Ravenclaw,3,female,Pure-blood,90,37,24,63,68,49,68,49,100,40,76,68,39,47,Dragon heartstring,5,5,-5,-10,-10,5,10,5,5,5,10,5,10,5,5,5,5,5,10,0,5,0,5,0,-5,5,10,0,0,-5,-10,5,5,0,-10,10,10,-10,0,0
48,Ravenclaw,3,female,Half-blood,40,66,53,64,0,58,28,38,19,62,79,31,77,86,Phoenix feather,10,-10,10,10,0,10,5,-5,-10,-10,-5,0,10,-5,10,0,10,5,10,5,-10,10,-5,10,5,-5,10,-5,10,-5,0,0,0,0,-10,0,-5,-10,-5,5
52,Ravenclaw,4,female,Half-blood,180,53,29,50,17,27,69,22,100,75,41,81,89,52,Phoenix feather,10,0,-5,5,0,-5,5,0,5,10,0,20,5,10,0,0,10,5,0,5,0,-5,20,10,0,10,5,0,-5,20,5,0,-5,20,10,0,5,5,10,-5
54,Ravenclaw,5,male,Pure-blood,60,53,34,56,47,36,72,76,29,0,65,58,37,53,Phoenix feather,-10,-10,0,5,-5,10,-5,0,10,-5,-5,0,0,10,5,5,10,-5,0,0,5,5,10,-10,-10,-5,5,5,5,5,5,-10,10,10,-5,-5,10,10,0,10
55,Ravenclaw,5,female,Muggle-borned,115,57,37,62,24,100,74,15,29,82,63,71,85,63,Phoenix feather,5,10,5,-5,10,-10,5,20,10,5,-10,5,5,10,-5,-5,-10,5,5,0,-10,-5,10,0,0,0,0,-5,5,20,5,10,5,10,10,10,-5,5,-5,0
68,Ravenclaw,4,female,Muggle-borned,70,42,9,44,33,61,29,8,83,24,88,100,22,46,Phoenix feather,0,0,5,-5,5,0,0,10,-10,-5,0,0,0,10,5,5,20,0,0,-10,-5,10,5,-5,-5,10,0,-5,10,5,5,10,5,0,-5,0,10,0,5,-10
78,Ravenclaw,1,female,Half-blood,85,83,34,44,46,48,62,59,72,100,79,74,90,100,Dragon heartstring,-10,10,0,0,10,-5,-10,-5,10,-5,5,5,10,5,5,0,5,-5,10,5,5,10,10,0,-10,0,5,0,10,10,-5,10,5,5,0,0,-10,5,-5,0
79,Ravenclaw,2,female,Muggle-borned,95,79,39,80,93,57,33,66,54,83,69,83,100,83,Dragon heartstring,0,10,5,-5,10,-5,-5,0,5,0,10,0,5,-10,5,-10,10,5,10,0,-5,0,10,10,-10,10,10,10,-10,0,-10,5,10,-10,0,10,20,5,-5,5
81,Ravenclaw,3,female,Muggle-borned,150,26,20,38,70,42,78,75,53,60,34,25,48,30,Phoenix feather,10,-10,5,0,-5,10,0,10,10,10,-5,10,10,-5,10,0,5,10,10,5,-10,-10,-5,-5,5,10,10,10,0,-5,10,10,5,20,5,10,-10,10,0,0
85,Ravenclaw,6,male,Half-blood,115,58,21,53,27,100,75,53,70,56,59,78,58,56,Phoenix feather,5,5,0,5,20,0,10,-10,10,10,5,-10,10,-5,10,-10,-10,5,0,5,5,-10,10,5,10,5,5,10,5,-10,5,-10,10,10,5,-10,5,10,0,0
89,Ravenclaw,2,male,Half-blood,175,66,29,45,45,79,76,93,33,96,33,67,64,55,Phoenix feather,0,5,10,10,0,5,0,0,-5,0,10,5,5,10,0,5,-5,10,10,10,5,-10,-10,5,10,10,10,-5,10,10,-5,10,5,10,0,5,5,5,10,10
90,Ravenclaw,3,female,Pure-blood,115,79,18,100,75,58,82,75,42,55,72,57,50,93,Unicorn hair,5,10,10,10,0,10,0,0,5,10,10,-5,5,5,10,10,0,0,-5,-10,0,10,5,5,20,5,-5,-5,0,-20,0,10,10,10,-10,-5,-5,0,10,0
92,Ravenclaw,3,female,Pure-blood,110,98,77,66,98,86,89,100,100,94,51,62,100,100,Phoenix feather,0,-5,5,-10,10,10,-5,-10,-5,-5,10,10,10,5,5,-5,-5,-5,5,5,20,10,5,5,10,10,0,10,-5,10,5,10,10,5,5,5,-10,10,-5,-20
100,Ravenclaw,2,female,Muggle-borned,90,23,100,56,60,56,49,13,46,100,32,85,48,28,Phoenix feather,10,10,5,5,10,0,0,5,0,5,0,-5,-20,5,5,10,5,0,10,-10,10,-5,5,-5,-5,-10,0,10,10,5,0,10,0,10,0,-5,5,0,-5,10
106,Ravenclaw,7,female,Half-blood,135,71,2,56,60,100,51,58,22,51,61,76,0,72,Unicorn hair,0,10,10,0,10,5,10,-5,-5,5,5,-20,10,5,10,10,10,-5,0,-5,0,5,10,0,-10,0,5,10,5,5,10,10,5,-10,-10,10,10,5,10,5
120,Ravenclaw,4,male,Half-blood,140,75,57,75,67,15,88,49,88,72,100,85,36,66,Dragon heartstring,0,0,0,5,10,10,-10,10,10,10,0,10,-5,10,-5,10,5,10,0,5,-10,0,10,-5,10,5,-5,10,-10,10,10,5,5,10,0,0,-5,0,5,10
122,Ravenclaw,3,male,Half-blood,140,100,100,100,33,60,29,5,52,47,1,100,29,3,Dragon heartstring,0,5,0,10,5,0,0,10,5,5,-10,5,5,5,5,0,0,10,-10,10,10,-10,0,10,5,-10,10,10,0,10,5,5,0,-5,0,0,10,10,10,10
123,Ravenclaw,2,female,Half-blood,60,61,21,100,70,67,87,39,56,82,67,64,60,47,Unicorn hair,10,10,10,0,5,0,-10,-5,10,-5,5,10,0,-10,0,10,10,0,5,5,10,5,5,-5,-10,5,-10,0,0,-10,0,-20,0,10,0,5,5,0,5,5
134,Ravenclaw,3,male,Pure-blood,120,65,14,31,70,39,84,53,68,36,54,44,41,65,Dragon heartstring,5,10,10,10,0,5,5,5,-5,5,5,-5,5,10,5,-5,0,5,5,10,0,-10,-5,0,10,5,-5,10,-5,5,10,0,10,5,-5,-5,5,0,10,0
139,Ravenclaw,6,male,Half-blood,120,37,37,21,51,57,62,52,66,69,54,73,23,39,Unicorn hair,10,0,5,0,10,5,10,0,10,5,0,10,5,-5,10,10,0,-5,0,-5,5,0,0,10,0,10,5,0,10,0,5,5,0,5,-5,0,0,-5,0,0
142,Ravenclaw,7,male,Half-blood,160,53,16,10,43,1,22,23,24,85,21,32,100,82,Phoenix feather,0,5,10,0,0,5,10,-20,20,5,10,0,-5,10,10,10,10,5,10,5,5,5,-10,0,10,-10,-5,0,5,5,10,10,0,5,5,10,-5,-5,5,20
144,Ravenclaw,5,male,Half-blood,95,47,28,90,100,27,73,76,99,69,64,84,42,40,Unicorn hair,10,10,0,10,10,0,5,0,0,20,10,5,0,5,0,10,0,10,0,-20,-5,-5,5,0,0,-5,10,5,0,-5,-10,-10,10,5,0,5,5,5,5,-5
147,Ravenclaw,6,female,Half-blood,80,19,13,44,69,35,58,42,21,44,34,32,68,11,Unicorn hair,10,10,5,-5,0,-5,0,10,10,5,-10,10,5,-5,0,5,10,5,-5,10,20,-5,-5,10,-5,-5,5,5,-10,0,-10,0,5,-5,-5,-5,5,0,10,10
151,Ravenclaw,5,male,Half-blood,140,84,12,40,48,54,92,97,43,71,48,2,66,87,Dragon heartstring,10,10,5,0,-10,5,5,5,10,5,-5,10,5,10,5,-5,10,5,5,0,-5,10,0,5,5,-5,10,5,5,0,10,0,5,-5,10,-5,-5,5,10,0
154,Ravenclaw,4,male,Muggle-borned,140,47,33,68,100,59,40,69,100,51,82,66,81,54,Unicorn hair,10,-5,-5,5,-5,5,0,10,10,0,10,-5,5,20,0,-5,5,5,10,-5,0,10,5,10,10,5,-5,5,10,10,-5,5,-5,0,-5,5,10,5,5,0
163,Ravenclaw,5,male,Muggle-borned,80,53,0,48,43,39,70,36,17,96,23,57,100,41,Unicorn hair,10,0,-5,10,5,10,5,-10,-20,10,0,10,-5,5,5,0,-5,10,20,-10,5,0,10,0,-5,5,5,20,-5,5,-10,-10,5,5,5,0,5,10,-20,5
169,Ravenclaw,7,male,Muggle-borned,120,20,13,33,40,53,30,85,74,22,54,85,100,16,Unicorn hair,0,10,5,5,5,5,0,-5,5,10,10,-5,5,-10,-5,10,0,-5,10,10,5,5,-10,5,10,10,0,-5,0,5,-5,5,5,0,5,10,0,-5,10,10
170,Ravenclaw,2,female,Half-blood,180,38,100,100,30,20,37,28,33,28,39,28,44,60,Phoenix feather,5,0,10,5,0,10,10,10,5,0,5,0,0,-5,5,5,10,10,5,10,0,-10,0,-5,5,10,0,10,10,5,5,5,10,10,0,5,5,0,5,10
172,Ravenclaw,5,female,Half-blood,105,60,16,56,89,8,50,37,46,0,63,50,40,33,Unicorn hair,10,5,10,10,0,0,10,-5,0,5,-10,5,10,10,5,0,-5,0,5,0,0,5,5,5,0,0,10,10,0,10,-5,10,0,0,-5,5,-5,10,-5,-10
179,Ravenclaw,6,male,Muggle-borned,140,65,47,81,78,79,100,62,22,78,100,100,64,66,Unicorn hair,5,-5,10,10,-10,10,20,10,10,10,-5,-5,5,0,-5,5,-5,10,20,0,0,0,0,10,5,-5,10,-10,10,0,5,0,10,0,0,0,10,-10,10,5
191,Ravenclaw,5,female,Pure-blood,110,35,31,57,38,70,1,73,53,73,53,54,56,15,Phoenix feather,0,10,-10,-5,5,-5,5,5,10,5,10,-5,0,0,-5,10,10,5,5,10,5,0,5,10,0,5,-10,5,0,0,0,10,-5,10,-5,0,5,0,5,10
198,Ravenclaw,6,male,Half-blood,115,33,11,50,93,100,44,22,42,79,40,58,20,33,Dragon heartstring,10,5,0,5,10,10,5,0,10,-5,10,0,5,0,10,-5,-5,0,-10,20,10,-10,10,10,5,-10,5,-10,10,10,5,-5,10,5,-20,5,5,0,10,-5
200,Ravenclaw,6,female,Muggle-borned,65,62,45,27,85,51,11,57,100,22,83,46,85,43,Unicorn hair,0,10,10,0,-5,5,10,10,-10,-10,0,5,10,10,0,-10,5,5,-5,10,10,0,10,0,10,-5,0,10,-5,0,0,5,-5,5,-20,10,-10,-10,10,0
202,Ravenclaw,2,male,Half-blood,195,61,33,48,58,50,15,51,36,100,49,60,68,34,Dragon heartstring,5,5,5,10,10,5,-5,10,10,0,10,0,5,-5,0,0,-5,0,5,5,5,5,5,5,5,10,10,5,10,5,0,10,10,5,10,5,0,10,0,10
215,Ravenclaw,6,female,Muggle-borned,60,67,44,85,83,55,57,68,70,47,91,77,68,53,Unicorn hair,-5,-10,10,-5,-5,-10,5,0,-5,5,-10,10,5,0,0,0,-5,10,10,5,10,5,20,-5,-10,-5,5,-10,-10,10,-5,10,5,-5,20,5,-5,5,5,10
219,Ravenclaw,1,male,Half-blood,185,53,29,56,78,29,0,87,30,64,36,72,59,67,Phoenix feather,5,-5,10,10,10,10,10,-5,10,-5,5,5,10,5,10,10,-10,10,5,5,0,-5,10,10,10,0,10,10,10,10,10,-10,10,-5,0,0,0,0,-10,20
221,Ravenclaw,2,male,Muggle-borned,125,26,49,88,65,100,53,69,72,82,49,100,44,32,Unicorn hair,-5,5,-5,5,-20,-5,10,10,0,10,5,5,10,5,10,0,10,5,10,0,-5,5,5,10,10,5,0,0,10,10,10,-5,10,5,0,0,-10,0,-10,10
228,Ravenclaw,2,male,Half-blood,105,66,25,46,25,81,67,0,43,55,85,75,60,80,Phoenix feather,-10,10,-10,10,5,-5,5,10,5,20,10,-5,0,10,0,10,-5,10,-20,10,-5,5,5,0,-5,0,0,5,10,-10,10,20,0,10,10,-5,0,5,-5,-5
232,Ravenclaw,4,male,Muggle-borned,70,35,100,5,2,100,60,100,38,42,6,34,3,34,Dragon heartstring,10,0,0,0,10,10,5,-10,10,10,-10,0,5,5,5,0,-10,-20,10,5,5,-5,0,5,5,-5,-10,5,0,0,-5,5,5,10,-5,0,10,10,5,0
234,Ravenclaw,2,female,Half-blood,185,12,0,13,3,14,37,26,25,100,47,42,38,9,Phoenix feather,10,0,5,10,10,10,10,-10,5,-5,20,0,5,5,0,-10,10,10,0,5,5,10,-10,-5,10,-5,5,10,10,10,10,10,10,10,5,10,10,-5,5,-10
253,Ravenclaw,5,female,Muggle-borned,85,49,100,13,100,37,18,44,85,79,17,28,85,50,Dragon heartstring,0,-5,10,5,5,0,0,-10,0,-5,-5,0,-5,10,10,0,10,10,10,10,0,10,-5,0,10,-10,-5,5,5,10,10,5,5,-5,-5,-5,-5,10,10,-5
259,Ravenclaw,4,male,Pure-blood,110,70,3,70,55,100,57,95,40,77,82,70,62,65,Phoenix feather,10,-10,10,5,5,-5,0,10,10,5,-5,0,5,10,5,-10,10,10,5,10,0,10,10,5,5,10,-5,-10,0,5,-10,10,0,-5,10,-5,-5,0,5,0
261,Ravenclaw,7,male,Pure-blood,140,36,23,41,56,43,7,17,42,18,51,71,58,42,Dragon heartstring,5,5,10,-5,10,10,-5,5,5,5,5,10,0,5,0,5,0,-20,-5,-5,10,10,5,-5,5,0,10,0,-5,10,10,5,5,0,5,10,20,10,-10,5
266,Ravenclaw,6,female,Muggle-borned,145,12,100,14,1,22,60,60,53,37,0,19,36,21,Unicorn hair,5,5,-10,10,-5,20,10,-5,10,10,-5,0,5,-5,10,10,5,10,20,10,0,10,10,0,10,-10,-10,0,5,-10,5,-10,0,5,10,10,10,-10,0,10
268,Ravenclaw,4,male,Muggle-borned,140,41,34,53,41,12,19,21,17,52,50,81,44,40,Dragon heartstring,5,5,5,10,5,5,-5,10,0,0,5,5,-5,0,0,10,0,10,10,-5,10,10,5,-5,0,-5,-10,0,-10,10,10,10,10,10,10,5,10,0,0,0
270,Ravenclaw,7,male,Pure-blood,120,40,18,52,85,80,53,73,0,72,72,46,96,36,Phoenix feather,5,-20,10,-5,-10,20,10,10,10,0,10,0,5,10,10,10,5,5,-5,0,-10,0,10,-5,0,5,0,5,-5,0,10,10,5,0,-5,5,10,-5,0,10
273,Ravenclaw,5,female,Muggle-borned,95,56,23,50,54,49,60,43,40,45,50,47,73,72,Dragon heartstring,-5,10,10,10,-10,5,0,0,5,-5,-20,-5,5,10,10,5,5,5,5,5,10,10,0,-10,10,10,5,10,5,-5,10,-10,5,5,-10,5,-5,10,-10,5
277,Ravenclaw,4,female,Half-blood,125,46,50,59,87,90,63,72,31,46,74,90,56,44,Phoenix feather,10,10,5,-10,10,10,0,0,10,10,5,0,0,10,10,0,5,5,5,10,-5,5,5,10,-5,5,0,0,-10,10,0,5,-5,-10,5,-10,5,-5,10,10
279,Ravenclaw,6,male,Half-blood,160,74,45,64,62,59,95,60,76,100,100,77,55,90,Phoenix feather,20,-10,10,10,5,10,20,0,5,-5,10,5,-5,0,-5,10,0,5,5,10,-10,10,-5,10,5,10,-10,10,-10,-5,10,5,5,10,-5,5,10,5,5,5
9,Slytherin,6,male,Half-blood,-175,65,96,32,100,91,28,66,38,17,50,44,20,42,Phoenix feather,0,-5,-10,-5,0,-5,5,-10,-10,-20,-5,10,-20,-20,-10,10,0,0,-20,-10,-5,10,-5,-10,10,-5,-5,-5,-10,5,-20,5,-10,-5,5,-10,-10,0,20,-5
12,Slytherin,4,male,Pure-blood,-270,44,100,37,37,100,81,100,94,28,54,17,36,32,Unicorn hair,-20,0,-20,-5,-5,-5,-5,5,-20,-10,10,-5,-5,-20,-20,-10,-5,-5,-5,-5,-5,5,0,-5,-5,-10,-10,0,-5,-10,-10,-10,-10,0,-5,-5,5,-5,-20,-10
20,Slytherin,6,male,Pure-blood,-265,8,99,19,46,71,30,56,63,25,85,11,37,9,Phoenix feather,-20,0,5,-10,-5,5,-10,-10,-5,-20,-20,0,-5,-5,-5,-10,-5,-20,-20,-5,-5,-10,-20,-5,5,-5,-20,-10,5,0,5,5,-20,-10,5,-5,-5,0,-5,-5
24,Slytherin,7,male,Pure-blood,-235,63,63,36,100,24,45,20,50,1,27,46,39,50,Unicorn hair,-10,-10,5,0,-5,-10,5,-5,-10,5,5,-5,-10,10,0,-10,-10,-5,-5,-5,-5,-5,-10,-20,-10,0,5,-5,-20,-5,5,-5,-5,-20,-5,-5,-20,-20,-20,5
28,Slytherin,3,male,Pure-blood,-270,50,100,76,92,23,100,92,61,96,61,66,83,50,Phoenix feather,5,-10,-5,-10,0,-5,-5,10,-5,-5,-10,-5,-5,-20,-10,-5,5,5,-10,-10,0,-5,-10,0,-5,5,-10,-10,-10,-5,-5,-20,-10,-10,-20,-20,-5,-20,-10,-5
37,Slytherin,5,male,Pure-blood,-230,53,75,55,62,55,58,48,80,66,4,77,61,66,Phoenix feather,-5,-5,-10,-20,-5,-5,-5,-5,-10,-5,5,-10,5,5,-5,-10,-10,-5,5,-10,-20,-10,-5,-20,-10,5,5,-20,-20,0,-5,-5,0,-10,-5,20,-5,5,-20,-5
42,Slytherin,7,male,Pure-blood,-200,18,100,78,82,78,68,79,46,83,50,87,84,100,Phoenix feather,5,0,-10,-10,-10,5,0,-20,-5,0,5,-20,0,0,-10,-5,-10,-5,0,0,-5,-20,0,-10,-10,5,0,10,-5,-5,-20,-10,0,-5,0,-5,-5,-20,-5,0
53,Slytherin,2,male,Pure-blood,-300,35,81,74,82,74,77,40,44,88,53,54,63,44,Phoenix feather,-5,-5,-20,0,-20,-20,5,-5,-5,-20,-5,-5,5,-5,-10,-5,-5,-10,-5,5,0,-10,-20,10,-20,-5,0,-5,-5,-10,0,-10,-5,-5,-5,-20,-20,-5,-20,-10
62,Slytherin,2,male,Pure-blood,-245,44,66,51,100,53,6,32,85,18,53,51,22,42,Dragon heartstring,-5,-10,-10,-10,-5,-20,-5,10,-20,-5,-10,-5,0,-10,-5,-20,-5,-10,-5,-5,5,0,-10,-5,-10,-10,-20,-20,5,-5,-5,-5,-10,0,0,10,-10,5,-5,0
66,Slytherin,7,male,Pure-blood,-280,20,32,27,100,100,41,24,59,31,24,29,47,27,Unicorn hair,5,-10,-5,-5,-20,-5,5,-10,-5,-5,5,5,5,-5,-20,-5,-10,5,-10,0,-20,-20,-20,-10,-5,-5,-10,-20,5,-10,-5,-10,-10,-5,-10,-20,5,-10,5,-20
69,Slytherin,2,male,Pure-blood,-190,66,84,48,58,78,82,51,60,32,39,74,63,80,Phoenix feather,-5,-10,-10,10,10,-5,-5,5,10,10,-5,-10,-5,-5,-20,0,-10,-5,-10,0,-5,-20,10,-5,-10,-20,5,-5,-20,5,-20,0,-5,-5,-10,-10,0,-5,-5,-5
71,Slytherin,7,male,Pure-blood,-225,55,91,40,58,49,82,82,71,14,66,77,37,20,Phoenix feather,-5,-20,-10,-5,-5,-10,5,-5,5,-10,5,-5,-5,-5,-10,-10,-20,-10,-10,-5,0,-5,-10,0,-20,-5,0,-5,-5,-20,0,-5,10,0,-5,-5,-5,-5,-10,5
83,Slytherin,6,male,Pure-blood,-230,5,30,29,100,100,100,48,31,31,41,100,25,21,Unicorn hair,-5,-5,-5,5,-20,10,-10,5,-5,5,-5,-5,5,-10,-5,-10,5,0,-10,-10,5,-20,10,-10,-5,-10,-5,-5,-20,-20,0,-10,-10,5,-5,-5,-10,-20,-20,-5
93,Slytherin,7,male,Pure-blood,-200,39,100,56,33,64,45,100,73,58,72,39,69,36,Dragon heartstring,-5,-5,-5,-5,-10,-10,-5,-5,-5,-5,-10,-10,-10,5,0,-20,5,-5,-5,-5,-10,-5,-20,-10,-10,5,-10,-5,5,-5,-5,-5,5,5,0,5,-5,-10,-5,-5
94,Slytherin,2,male,Pure-blood,-225,29,100,21,62,49,44,49,100,13,54,40,71,49,Unicorn hair,-5,-20,-10,-20,-5,-5,5,-20,-10,-5,5,-5,0,0,0,0,5,-5,-20,-5,-5,-20,-5,-5,-10,-5,0,-5,0,0,-10,-20,5,-10,5,-5,0,-5,-5,-5
99,Slytherin,2,male,Pure-blood,-210,34,100,30,39,70,39,34,82,1,13,65,15,26,Dragon heartstring,-10,-5,-5,-5,5,-5,0,-5,-10,-20,-5,-20,10,-5,-10,-5,0,-5,-10,5,-10,5,-20,-10,-10,-20,5,-5,0,-5,5,0,-10,-10,5,0,-5,-10,-5,-5
108,Slytherin,2,male,Pure-blood,-335,53,87,34,47,37,69,66,99,58,55,14,15,51,Unicorn hair,-20,-10,5,-10,10,-5,-5,-5,0,-10,5,-20,-10,-5,-20,-20,-10,-5,-20,-10,-10,-5,-5,-5,5,-20,-5,5,-20,-20,0,-20,-5,-5,-10,-5,-10,-20,-10,-5
116,Slytherin,3,male,Pure-blood,-285,48,100,87,42,95,100,67,57,87,69,55,36,54,Phoenix feather,-10,5,10,5,-5,-5,-5,-5,-10,-5,-5,-5,-5,-5,-20,-5,-5,-10,-20,-5,-5,-5,-20,-20,0,-10,-10,-5,-10,-5,-10,-5,-5,-10,-5,-10,-20,-5,-10,-5
125,Slytherin,6,male,Pure-blood,-265,45,95,90,88,90,40,33,70,70,93,39,78,23,Phoenix feather,5,5,-5,-20,-10,-5,-20,-10,-20,0,-5,5,-5,-20,-20,-5,-5,-5,5,-5,-10,-10,-10,-5,-5,0,-10,5,-5,-10,5,-10,-5,-5,-10,-20,-20,5,-10,5
132,Slytherin,7,male,Pure-blood,-260,64,100,60,59,100,100,100,78,70,84,89,100,88,Unicorn hair,0,-10,-10,0,-20,-5,0,-5,0,5,-5,-5,-20,-5,0,-10,-5,-10,-10,-10,-5,-10,-20,-20,-10,-5,-5,-5,-10,5,-5,-5,-10,0,-20,0,-5,5,-5,-5
145,Slytherin,2,male,Pure-blood,-210,29,71,63,50,71,100,42,74,59,65,74,72,43,Unicorn hair,0,-20,0,5,-10,0,0,0,5,-5,5,-5,-20,-5,5,0,-5,-10,-20,-10,-10,-20,5,-10,-5,-10,-5,0,-5,-5,-10,-20,-5,10,-5,-10,-5,-10,-5,5
158,Slytherin,6,male,Pure-blood,-220,36,66,19,100,58,70,30,36,14,57,16,71,18,Unicorn hair,-20,5,-20,-10,-10,5,10,5,-10,0,-10,-5,-5,-5,5,-5,-20,-5,-10,-20,-5,10,-10,-5,-5,-20,-10,5,0,0,0,-20,0,0,-10,-10,5,5,-5,-20
159,Slytherin,5,male,Half-blood,-205,26,95,22,82,2,56,80,53,73,46,54,38,13,Unicorn hair,-5,5,-5,5,-10,-10,-10,5,-20,-5,-5,5,-20,-5,-5,5,5,-5,-20,-5,5,-10,-10,-10,5,-5,-5,-10,-10,-20,-10,10,-5,-5,-20,5,5,0,-5,-10
161,Slytherin,3,male,Pure-blood,-250,55,100,80,60,24,53,78,92,59,100,66,77,38,Dragon heartstring,-20,-5,-5,-5,-20,0,-20,5,5,-10,-10,-10,-20,-5,-10,-5,-20,-20,-20,-5,-5,-10,-5,5,-20,0,10,-5,0,5,-5,-5,5,-20,10,-10,-10,10,10,-10
173,Slytherin,5,male,Half-blood,-265,50,100,61,34,22,75,25,47,73,33,38,64,64,Phoenix feather,0,-5,-5,-20,-10,-10,-5,0,-10,-5,-5,0,-20,-10,-20,-10,0,-5,5,-20,5,-5,-20,-5,-5,-5,-10,0,5,-5,-5,0,-5,-20,-10,5,-5,-10,-20,5
203,Slytherin,7,male,Pure-blood,-320,27,100,19,47,67,74,50,73,60,100,57,41,46,Unicorn hair,-20,-10,-20,-5,-20,-10,-5,-10,-5,10,-10,-20,-5,-10,10,-10,-5,-10,-5,-5,-5,-5,-10,-10,-5,-10,5,-20,-5,-10,-5,-20,-10,-5,-10,5,-5,-5,-20,-5
212,Slytherin,4,male,Pure-blood,-230,59,97,49,20,29,44,83,47,75,30,79,69,44,Phoenix feather,-5,-20,-5,0,0,-10,0,0,0,0,5,-5,-10,5,-5,-5,5,-5,-10,-5,-10,0,-10,-5,0,-20,-5,-10,-10,-5,-10,-5,-20,-5,-5,-10,5,-10,-20,-5
222,Slytherin,3,male,Pure-blood,-225,67,100,77,81,72,90,82,77,85,32,34,95,63,Unicorn hair,-10,0,0,-5,-10,0,5,-5,-20,-10,-10,-5,5,0,-10,10,-20,-5,20,-10,-5,-10,-10,5,5,-10,-10,-10,-10,-5,-10,-10,-10,-5,10,-5,-20,-20,-10,-5
226,Slytherin,1,male,Half-blood,-240,38,100,62,58,41,100,78,56,65,72,67,60,51,Dragon heartstring,0,5,-5,-5,-5,-20,-5,5,-5,-10,-20,10,-20,-10,-5,-5,-5,-5,-5,0,-20,-5,-5,10,-10,-10,-5,-5,-10,5,10,-20,5,-20,-5,-5,-10,-10,-10,-10
239,Slytherin,6,male,Pure-blood,-330,32,74,11,31,48,56,57,36,67,2,31,48,22,Dragon heartstring,-5,-20,-10,0,-5,-10,5,-20,-20,-5,-5,-5,-5,5,-5,5,-5,-20,0,-10,-5,-5,-20,-5,-10,-20,-10,5,-20,-5,5,-5,-20,-10,-20,-10,-5,-10,-5,-20
242,Slytherin,4,male,Pure-blood,-280,64,100,37,58,66,96,64,100,57,93,71,100,64,Unicorn hair,-10,-20,5,-10,-5,5,-20,5,-5,-5,0,10,-10,-10,-10,-5,-20,-5,-5,-5,-5,-5,-10,-5,-10,-5,-10,5,-5,-20,-5,-10,-10,-5,-20,-5,-10,-5,0,-20
246,Slytherin,4,male,Pure-blood,-290,64,100,39,47,56,10,17,65,38,17,77,47,30,Dragon heartstring,-20,0,-10,-5,5,-20,5,-10,-10,5,-10,-10,-5,-10,-5,-10,0,-5,0,-20,-10,-10,-5,10,5,5,-5,-10,-20,5,-5,-20,-5,-20,-20,-10,-5,-5,-20,-10
249,Slytherin,5,male,Pure-blood,-245,26,86,51,20,38,10,31,42,85,72,58,28,36,Dragon heartstring,5,-5,0,-20,10,-5,-10,5,-10,-10,-10,5,5,-5,-5,-10,-5,-5,-5,-10,-5,-5,-5,5,-20,-10,-20,-5,0,-5,-20,5,-20,-20,5,5,-20,-20,-10,5
250,Slytherin,5,male,Half-blood,-270,84,100,100,71,100,100,92,100,100,84,88,100,79,Dragon heartstring,-20,-5,-10,-5,-10,5,10,-5,-20,-10,-20,0,10,10,-20,-10,-20,-20,-5,-5,-10,-10,5,5,-5,-5,-10,0,-20,-5,-20,-5,-20,-5,-20,-5,5,10,5,-10
257,Slytherin,2,male,Pure-blood,-320,23,57,2,25,49,7,100,3,18,52,100,26,6,Dragon heartstring,-5,0,-10,0,-20,-5,5,-5,-20,-10,-5,-20,-20,-20,-10,-10,-10,-10,10,-5,-20,10,-5,-20,0,-5,-5,-5,-5,-5,-20,-10,-10,-20,-5,-5,-5,-20,10,-5
263,Slytherin,7,male,Pure-blood,-240,40,94,46,100,74,91,100,100,93,93,100,63,29,Dragon heartstring,-10,-10,-10,0,5,0,-10,-10,-5,-5,-5,-5,5,-5,-10,-20,-10,-5,10,0,-10,-5,-5,-10,-5,10,5,-5,-5,-20,-20,-5,-5,10,-20,-20,5,-5,-20,-10
272,Slytherin,2,male,Pure-blood,-170,55,100,70,100,74,100,70,100,82,51,50,78,50,Unicorn hair,-5,-20,5,-10,-5,-5,-10,-5,-10,5,-5,-5,0,10,-10,-5,-10,-5,5,10,-5,10,-10,-10,10,-5,-10,5,-10,-10,-20,5,-20,-10,5,-10,-10,-5,10,-5
274,Slytherin,3,male,Pure-blood,-235,55,100,32,65,17,48,68,79,38,54,22,76,89,Unicorn hair,-10,-5,5,-5,-20,-20,-5,5,5,-10,-20,-20,0,-5,-10,-5,-5,-5,-5,5,-5,0,-10,-10,5,0,-5,-5,-5,-10,-5,-10,-5,-20,5,-5,-5,-10,-10,5
275,Slytherin,4,male,Pure-blood,-270,27,55,9,46,60,39,44,48,100,24,23,49,15,Phoenix feather,-10,0,-5,-5,0,-10,-20,5,-5,-5,-20,-10,-10,-20,-10,-20,5,-20,10,5,10,-5,-20,-10,-10,-5,-5,-5,-10,-10,-5,-5,-20,5,-5,-5,-10,-5,0,-5
8,Slytherin,6,female,Pure-blood,280,45,82,56,31,24,17,29,48,39,33,78,45,59,Dragon heartstring,5,0,10,-5,5,5,-5,-5,20,5,20,20,5,10,20,20,10,5,5,20,5,0,0,20,-5,20,5,10,10,0,5,10,-5,-5,5,5,0,5,20,5
10,Slytherin,2,female,Half-blood,260,28,78,43,24,28,6,60,48,85,59,62,51,8,Dragon heartstring,0,0,5,20,5,5,20,5,5,10,0,20,10,5,20,5,5,5,0,5,5,-5,10,10,5,0,5,5,0,10,10,0,20,10,-5,-10,0,20,0,20
18,Slytherin,7,female,Pure-blood,175,63,97,67,96,75,76,82,66,83,100,52,15,60,Phoenix feather,0,5,-5,5,5,0,0,0,5,5,0,-10,20,0,5,0,5,5,5,0,10,10,0,5,5,0,5,0,-10,0,20,20,5,5,20,0,0,0,20,10
23,Slytherin,7,female,Pure-blood,305,66,97,64,73,45,42,100,100,73,100,89,23,27,Unicorn hair,20,20,10,10,5,-5,5,0,10,5,5,10,10,0,20,0,0,20,10,20,-10,-5,20,5,0,5,5,10,20,10,0,20,20,0,10,5,0,10,0,5
31,Slytherin,1,female,Pure-blood,195,22,61,24,46,29,27,53,20,45,27,45,56,25,Phoenix feather,0,10,5,0,10,0,5,5,10,5,0,-5,5,10,5,10,0,10,0,-5,5,10,10,-5,20,5,0,10,5,0,0,10,10,0,0,10,5,20,5,-5
33,Slytherin,2,female,Pure-blood,260,38,100,74,51,27,54,30,54,57,100,82,70,41,Phoenix feather,5,5,10,5,20,5,10,-5,0,10,20,0,0,20,-5,5,5,5,-10,0,0,5,20,5,20,0,5,5,0,10,10,20,5,10,0,10,10,10,5,5
39,Slytherin,7,female,Pure-blood,285,46,97,60,100,53,55,64,51,39,24,44,39,73,Dragon heartstring,10,0,5,20,10,-5,10,20,5,20,5,10,20,10,5,5,0,5,5,5,0,5,20,10,5,5,20,10,10,5,-5,10,0,5,10,0,5,10,-5,0
46,Slytherin,5,female,Pure-blood,255,36,95,58,87,78,32,85,92,55,21,86,44,4,Phoenix feather,20,10,10,20,5,10,20,5,10,10,10,-5,10,-10,5,0,-5,10,20,5,0,0,0,5,0,0,0,10,5,10,5,5,0,10,10,10,10,5,5,5
60,Slytherin,1,female,Pure-blood,210,47,99,44,46,67,48,9,0,68,27,100,89,24,Dragon heartstring,5,10,10,5,20,10,10,10,0,5,5,10,10,10,5,5,-10,10,10,5,5,0,20,0,5,5,5,0,10,0,0,0,-5,10,5,5,5,-5,5,-5
63,Slytherin,5,female,Pure-blood,270,61,100,62,53,82,80,60,90,76,72,36,15,88,Unicorn hair,0,0,20,5,-5,5,0,10,20,0,20,0,5,0,5,0,10,0,0,10,0,10,0,20,20,0,5,5,5,10,-5,20,5,5,5,20,5,20,5,10
70,Slytherin,5,female,Pure-blood,285,44,100,42,14,24,58,23,62,26,85,61,14,49,Phoenix feather,20,20,20,5,10,5,5,5,10,10,5,5,0,5,-5,10,5,0,20,10,5,-5,20,5,10,0,10,10,0,0,-5,0,20,0,0,20,0,5,5,20
74,Slytherin,3,female,Half-blood,215,63,100,76,79,69,70,27,43,51,59,62,41,61,Unicorn hair,10,-5,5,5,-5,20,10,20,10,5,5,20,5,5,5,-5,10,5,0,20,5,0,10,0,5,5,10,5,0,0,10,-10,20,5,0,5,5,5,-5,-5
87,Slytherin,7,female,Pure-blood,245,42,98,24,100,85,13,63,27,21,62,48,100,35,Phoenix feather,0,10,-10,0,-5,0,0,-5,-5,5,5,10,10,10,10,5,5,20,-5,20,10,20,10,0,10,20,10,20,5,5,0,10,0,20,0,5,-5,5,10,10
117,Slytherin,2,female,Pure-blood,225,83,100,50,98,100,63,71,75,62,87,82,51,83,Unicorn hair,10,5,5,5,10,0,0,10,10,-5,20,5,10,5,-5,0,10,10,-5,5,10,0,0,5,5,10,20,10,20,10,5,5,5,5,0,0,5,5,0,0
121,Slytherin,3,female,Half-blood,250,9,74,100,100,30,12,100,18,34,8,9,16,14,Dragon heartstring,10,-10,0,5,20,10,10,20,0,5,10,20,5,5,20,0,-5,10,5,0,10,10,5,-5,5,0,10,-5,10,0,0,10,0,20,5,-10,20,10,10,5
127,Slytherin,1,female,Pure-blood,195,48,94,23,3,85,10,49,59,50,100,40,85,66,Phoenix feather,0,-5,20,10,-5,5,10,5,20,0,0,10,0,0,10,5,0,5,10,20,0,5,5,0,5,10,20,5,0,10,5,0,5,5,-5,0,0,-5,0,10
133,Slytherin,3,female,Pure-blood,235,84,100,85,77,50,100,47,54,59,70,73,97,87,Phoenix feather,0,10,-5,10,0,-5,5,0,10,5,5,20,5,5,0,20,10,10,0,0,0,10,5,-5,10,5,5,-5,10,20,0,5,5,20,20,5,10,10,0,0
153,Slytherin,2,female,Pure-blood,230,70,100,93,24,31,55,100,62,48,57,100,80,75,Dragon heartstring,5,5,5,0,10,5,0,10,20,5,5,5,5,0,-5,5,-5,20,10,5,5,5,5,0,10,10,0,5,0,0,10,0,20,10,20,0,5,0,20,-5
164,Slytherin,3,female,Half-blood,230,59,100,90,63,90,71,97,90,51,100,43,70,71,Dragon heartstring,5,0,0,20,5,5,10,0,-5,5,20,0,0,5,0,5,0,5,5,20,5,5,5,5,5,10,10,0,20,5,10,10,5,-5,5,5,0,20,5,0
167,Slytherin,1,female,Pure-blood,265,45,83,43,42,94,48,50,36,77,34,54,17,51,Phoenix feather,20,10,10,0,5,0,5,10,5,20,10,-5,10,5,10,-5,-5,0,0,10,5,-10,-5,10,20,0,20,10,5,10,10,5,5,10,10,10,5,0,20,10
171,Slytherin,7,female,Pure-blood,230,52,83,39,97,76,21,58,28,32,100,29,65,68,Dragon heartstring,0,-5,5,20,0,5,5,0,10,5,5,0,20,20,5,0,10,0,5,-5,10,20,-5,10,10,5,0,5,20,10,-5,0,10,10,10,0,0,5,0,10
174,Slytherin,1,female,Pure-blood,255,45,100,49,70,76,98,97,84,32,47,81,48,37,Phoenix feather,20,5,5,10,0,5,5,10,5,-5,10,10,-10,5,0,5,5,5,0,0,10,10,20,5,20,5,10,-5,10,5,0,5,5,5,5,20,10,20,0,5
175,Slytherin,6,female,Pure-blood,245,69,81,47,100,41,62,66,8,64,56,72,100,54,Unicorn hair,10,20,0,0,10,10,20,0,5,10,10,5,10,5,0,20,0,20,0,10,20,0,0,5,5,10,20,-5,0,10,-5,5,10,0,-5,0,5,0,0,5
180,Slytherin,7,female,Pure-blood,240,35,95,37,41,44,45,55,56,56,73,89,52,47,Unicorn hair,5,10,10,5,0,5,20,0,20,10,5,10,20,10,5,5,0,5,10,5,0,0,0,10,5,5,0,5,-5,10,0,0,5,0,0,0,5,10,20,10
182,Slytherin,3,female,Half-blood,190,23,71,50,57,35,66,15,49,69,40,26,25,37,Unicorn hair,5,-5,5,-5,20,-10,5,5,5,5,5,10,-5,5,0,20,5,20,0,10,-5,10,5,20,5,5,5,0,0,0,0,0,10,0,5,20,0,5,5,0
185,Slytherin,6,female,Pure-blood,225,58,87,45,25,21,48,43,39,38,19,13,24,57,Dragon heartstring,-5,5,-5,5,0,10,5,20,0,0,10,0,20,10,0,10,0,10,10,-10,0,10,-5,5,20,5,-5,5,5,5,5,20,0,0,0,20,0,20,10,10
186,Slytherin,4,female,Half-blood,180,65,100,69,78,84,100,100,100,87,92,83,100,76,Unicorn hair,20,0,-5,10,20,10,10,5,0,0,-5,10,0,0,10,0,0,10,5,0,10,5,-5,20,0,5,-5,5,10,20,0,10,-10,0,5,-5,10,-5,5,5
192,Slytherin,6,female,Pure-blood,175,36,100,23,40,26,44,38,85,20,53,61,47,33,Phoenix feather,0,20,0,5,0,5,0,20,0,0,0,20,10,5,0,0,10,5,0,5,-5,10,0,-5,-5,10,5,0,10,0,10,0,0,10,10,5,0,-5,20,0
201,Slytherin,5,female,Pure-blood,210,46,100,47,55,70,76,94,49,71,39,89,55,40,Phoenix feather,10,5,-5,10,-5,5,5,5,5,0,10,5,5,10,5,0,5,5,-5,0,5,0,5,20,-5,0,5,20,10,0,10,10,5,5,-10,20,5,10,10,10
208,Slytherin,2,female,Pure-blood,255,36,76,52,30,85,56,28,54,54,81,84,100,27,Unicorn hair,10,0,0,10,20,5,20,0,0,-5,5,10,20,-5,0,5,10,-5,10,5,10,10,20,0,0,5,10,5,0,-5,5,10,0,20,20,0,0,-10,20,20
209,Slytherin,3,female,Pure-blood,175,67,100,90,100,86,71,46,42,51,100,88,96,50,Unicorn hair,-5,20,10,10,10,5,0,5,0,5,-5,5,20,0,0,5,10,10,5,10,5,0,5,-5,-5,0,10,-5,5,0,-20,0,20,10,10,5,0,20,-5,5
224,Slytherin,1,female,Pure-blood,320,49,100,14,50,71,55,68,2,61,38,42,74,47,Dragon heartstring,0,5,20,5,10,10,0,20,20,5,5,20,0,20,0,0,0,5,0,0,5,10,5,10,0,20,5,20,5,5,10,20,0,0,0,10,10,20,20,0
225,Slytherin,7,female,Pure-blood,170,72,100,47,92,42,55,100,100,54,49,22,73,74,Dragon heartstring,0,5,-5,20,-5,0,0,5,0,20,5,5,5,10,0,0,0,5,5,20,5,5,5,5,-5,10,20,0,-5,5,10,5,10,-5,10,0,-10,5,5,0
235,Slytherin,3,female,Pure-blood,205,100,62,1,48,54,29,11,17,9,100,3,100,1,Phoenix feather,20,-5,5,5,10,0,20,5,-5,10,0,0,5,10,10,5,5,0,5,20,10,10,5,0,0,5,0,5,5,5,10,-5,10,5,5,5,0,5,5,-5
245,Slytherin,5,female,Pure-blood,245,69,86,25,19,49,30,58,85,79,44,38,48,61,Unicorn hair,5,5,0,5,10,5,10,0,5,20,5,5,5,5,10,5,20,10,0,5,5,5,5,10,0,10,10,10,0,5,10,0,5,-5,5,5,10,-5,20,5
247,Slytherin,5,female,Pure-blood,175,71,100,51,54,28,73,66,100,100,41,89,100,63,Phoenix feather,0,20,0,5,5,10,5,5,0,10,-5,5,10,0,0,20,-5,0,5,5,10,5,0,20,5,10,5,0,5,5,-5,5,5,0,0,0,-5,20,0,-5
252,Slytherin,3,female,Pure-blood,230,43,61,37,60,38,21,49,41,100,85,10,30,32,Unicorn hair,5,0,5,10,5,0,5,5,5,5,0,20,0,0,0,0,20,5,0,5,20,10,5,-5,20,5,5,20,10,5,10,5,-5,0,5,10,0,-5,10,10
260,Slytherin,4,female,Pure-blood,190,14,100,58,100,64,37,89,13,76,87,38,29,17,Unicorn hair,0,10,-5,5,5,0,5,5,10,0,0,10,5,5,5,5,0,5,10,0,5,5,0,5,5,5,-5,20,5,0,0,5,20,10,0,5,5,0,20,0
